action,drug,reward,terminated
193,"[('Bicalutamide', 0.5, 'uM')]",0.6613333333333333,False
955,"[('Simotinib', 0.05, 'uM')]",0.6606666666666667,False
121,"[('Atazanavir (sulfate)', 0.5, 'uM')]",0.659982905982906,False
914,"[('Ropivacaine (hydrochloride monohydrate)', 0.5, 'uM')]",0.6597606837606838,False
553,"[('Imiquimod (maleate)', 0.05, 'uM')]",0.658957264957265,False
349,"[('Dexmedetomidine', 0.05, 'uM')]",0.6587863247863248,False
782,"[('Pasireotide (acetate)', 0.5, 'uM')]",0.6587008547008547,False
326,"[('Dapagliflozin', 0.5, 'uM')]",0.6583589743589744,False
1058,"[('Trimetrexate', 0.5, 'uM')]",0.6581196581196581,False
214,"[('Brimonidine', 0.5, 'uM')]",0.6573846153846155,False
617,"[('Lenalidomide (hemihydrate)', 0.5, 'uM')]",0.6571794871794872,False
568,"[('Irinotecan', 0.05, 'uM')]",0.6568376068376068,False
911,"[('Ritonavir', 0.5, 'uM')]",0.6563931623931624,False
724,"[('Niclosamide (olamine)', 0.05, 'uM')]",0.6562051282051282,False
1091,"[('Vilanterol', 0.5, 'uM')]",0.6561025641025642,False
1067,"[('Tucidinostat', 0.5, 'uM')]",0.6558803418803418,False
412,"[('Entecavir (monohydrate)', 0.05, 'uM')]",0.6548888888888889,False
16,"[('5-Fluorouracil', 0.5, 'uM')]",0.6541367521367522,False
452,"[('Filgotinib', 0.5, 'uM')]",0.6534358974358974,False
787,"[('Pemigatinib', 0.05, 'uM')]",0.6533504273504274,False
7,"[('18β-Glycyrrhetinic acid', 0.5, 'uM')]",0.6531282051282051,False
505,"[('Gemcitabine', 0.05, 'uM')]",0.6525128205128206,False
88,"[('Amsacrine', 0.5, 'uM')]",0.6521880341880342,False
548,"[('Idoxuridine', 0.5, 'uM')]",0.6515897435897435,False
521,"[('HI-TOPK-032', 0.5, 'uM')]",0.6511282051282051,False
1073,"[('Uridine', 0.5, 'uM')]",0.6510598290598291,False
757,"[('Ouabain (Octahydrate)', 0.05, 'uM')]",0.6503247863247863,False
1102,"[('Volasertib', 0.05, 'uM')]",0.6502905982905982,False
545,"[('Idarubicin (hydrochloride)', 0.5, 'uM')]",0.6502393162393163,False
127,"[('Azithromycin (hydrate)', 0.5, 'uM')]",0.6498974358974359,False
1097,"[('Vismodegib', 0.5, 'uM')]",0.6494871794871795,False
355,"[('Digitoxin', 0.05, 'uM')]",0.6491965811965812,False
1009,"[('Thymopentin', 0.05, 'uM')]",0.6490940170940172,False
1120,"[('crizotinib', 0.05, 'uM')]",0.6490940170940172,False
586,"[('L-Eflornithine (monohydrochloride)', 0.05, 'uM')]",0.6489230769230769,False
1012,"[('Tirabrutinib (hydrochloride)', 0.05, 'uM')]",0.6488376068376068,False
219,"[('Budesonide', 0.05, 'uM')]",0.6485982905982905,False
983,"[('TAK-901', 0.5, 'uM')]",0.6485641025641026,False
725,"[('Niclosamide (olamine)', 0.5, 'uM')]",0.6481538461538461,False
1007,"[('Thymol', 0.5, 'uM')]",0.6481025641025642,False
220,"[('Budesonide', 0.5, 'uM')]",0.6478461538461538,False
509,"[('Gemfibrozil', 0.5, 'uM')]",0.6478461538461538,False
485,"[('Furosemide', 0.5, 'uM')]",0.6476752136752137,False
947,"[('Selinexor ', 0.5, 'uM')]",0.6475726495726496,False
106,"[('Artemether', 0.5, 'uM')]",0.6475555555555556,False
769,"[('PH-797804', 0.05, 'uM')]",0.6475042735042735,False
665,"[('Medroxyprogesterone acetate', 0.5, 'uM')]",0.6473162393162393,False
147,"[('Belumosudil (mesylate)', 0.05, 'uM')]",0.6470085470085469,False
11,"[('4EGI-1', 5.0, 'uM')]",0.6465128205128206,False
175,"[('Berberine (chloride hydrate)', 0.5, 'uM')]",0.6457435897435897,False
797,"[('Pentamidine (isethionate)', 0.5, 'uM')]",0.6457435897435897,False
424,"[('Erdafitinib ', 0.05, 'uM')]",0.6456410256410257,False
1126,"[('palbociclib', 0.05, 'uM')]",0.6455213675213676,False
105,"[('Artemether', 0.05, 'uM')]",0.6455042735042735,False
115,"[('Aspirin', 0.5, 'uM')]",0.6453504273504274,False
802,"[('Peretinoin', 0.05, 'uM')]",0.6453333333333333,False
431,"[('Erythromycin', 0.5, 'uM')]",0.6452649572649573,False
1030,"[('Tomivosertib', 0.05, 'uM')]",0.644974358974359,False
52,"[('Acetohexamide', 0.5, 'uM')]",0.6448547008547009,False
934,"[('Sacubitril/Valsartan', 0.05, 'uM')]",0.6443931623931625,False
1052,"[('Triclosan', 0.5, 'uM')]",0.6443247863247863,False
256,"[('Cepharanthine', 0.5, 'uM')]",0.6439145299145299,False
39,"[('AZD2858', 0.05, 'uM')]",0.6438803418803418,False
1025,"[('Tolcapone', 0.5, 'uM')]",0.6437948717948718,False
699,"[('Monocrotaline', 5.0, 'uM')]",0.6436410256410257,False
390,"[('ERK5-IN-2', 5.0, 'uM')]",0.6434529914529914,False
268,"[('Cinacalcet', 0.5, 'uM')]",0.6434188034188034,False
668,"[('Megestrol', 0.5, 'uM')]",0.6434188034188034,False
601,"[('LY2090314', 0.05, 'uM')]",0.6433846153846154,False
1019,"[('Tofacitinib (citrate)', 0.5, 'uM')]",0.6433846153846154,False
959,"[('Sinomenine', 0.5, 'uM')]",0.6431794871794871,False
875,"[('Raltitrexed', 0.5, 'uM')]",0.6431623931623931,False
1,"[('(R)-Verapamil (hydrochloride)', 0.5, 'uM')]",0.6430940170940171,False
927,"[('Rutin (trihydrate)', 5.0, 'uM')]",0.6427692307692308,False
129,"[('BAY1125976', 0.05, 'uM')]",0.6426837606837608,False
1115,"[('Zileuton', 0.5, 'uM')]",0.6426495726495727,False
671,"[('Meloxicam', 0.5, 'uM')]",0.6426153846153846,False
862,"[('Quinidine (15% dihydroquinidine)', 0.05, 'uM')]",0.6424786324786325,False
530,"[('Hexylresorcinol', 0.5, 'uM')]",0.6424615384615384,False
181,"[('Bestatin (hydrochloride)', 0.5, 'uM')]",0.6422222222222222,False
799,"[('Pentoxifylline', 0.05, 'uM')]",0.6420683760683761,False
827,"[('Piroxicam', 0.5, 'uM')]",0.6420683760683761,False
380,"[('Doxorubicin (hydrochloride)', 0.5, 'uM')]",0.641965811965812,False
421,"[('Eplerenone', 0.05, 'uM')]",0.6418632478632479,False
112,"[('Asciminib', 0.5, 'uM')]",0.6415726495726496,False
436,"[('Estrone sulfate (potassium)', 0.05, 'uM')]",0.6414700854700854,False
841,"[('Pralsetinib', 0.05, 'uM')]",0.6414358974358975,False
1022,"[('Tofacitinib', 0.5, 'uM')]",0.6411282051282051,False
58,"[('Adenine', 0.5, 'uM')]",0.6410769230769231,False
316,"[('Dabrafenib', 0.05, 'uM')]",0.641025641025641,False
234,"[('Canagliflozin', 0.05, 'uM')]",0.6409230769230769,False
9,"[('4EGI-1', 0.05, 'uM')]",0.6408205128205129,False
479,"[('Fulvestrant', 0.5, 'uM')]",0.6407863247863248,False
652,"[('ML264', 0.05, 'uM')]",0.6406324786324786,False
1106,"[('Voriconazole', 0.5, 'uM')]",0.6406153846153846,False
642,"[('Lucanthone', 5.0, 'uM')]",0.6405811965811965,False
948,"[('Selinexor ', 5.0, 'uM')]",0.6405299145299146,False
599,"[('LY-2584702 (tosylate salt)', 0.5, 'uM')]",0.6404102564102564,False
739,"[('Oleic acid', 0.05, 'uM')]",0.6403418803418803,False
984,"[('TAK-901', 5.0, 'uM')]",0.6402564102564103,False
317,"[('Dabrafenib', 0.5, 'uM')]",0.6402051282051282,False
139,"[('Baicalin', 0.5, 'uM')]",0.6401880341880342,False
520,"[('HI-TOPK-032', 0.05, 'uM')]",0.6401880341880342,False
719,"[('Neratinib', 0.5, 'uM')]",0.6401538461538461,False
538,"[('Hydroxyurea', 0.05, 'uM')]",0.640034188034188,False
655,"[('Macitentan', 0.05, 'uM')]",0.639948717948718,False
1084,"[('Verapamil', 0.05, 'uM')]",0.6397264957264956,False
916,"[('Rosiglitazone', 0.05, 'uM')]",0.6397094017094017,False
1081,"[('Vemurafenib', 0.05, 'uM')]",0.6396410256410257,False
817,"[('Pimitespib', 0.05, 'uM')]",0.6396068376068376,False
445,"[('Fenofibrate', 0.05, 'uM')]",0.6393504273504274,False
559,"[('Infigratinib', 0.05, 'uM')]",0.6392820512820513,False
821,"[('Pimozide', 0.5, 'uM')]",0.6391452991452992,False
286,"[('Clotrimazole', 0.5, 'uM')]",0.6390940170940171,False
931,"[('SBI-0640756', 0.05, 'uM')]",0.6387863247863248,False
1003,"[('Tetracycline (hydrochloride)', 0.05, 'uM')]",0.6387008547008547,False
1132,"[('vincristine', 0.05, 'uM')]",0.6386666666666667,False
96,"[('Apalutamide', 0.05, 'uM')]",0.6385982905982905,False
1124,"[('olaparib', 0.5, 'uM')]",0.6384957264957265,False
394,"[('EX229', 0.05, 'uM')]",0.6384786324786325,False
751,"[('Ornidazole', 0.05, 'uM')]",0.6383589743589744,False
1011,"[('Thymopentin', 5.0, 'uM')]",0.6383418803418803,False
776,"[('Palmatine (chloride)', 0.5, 'uM')]",0.6382051282051282,False
743,"[('Omeprazole (sodium)', 0.5, 'uM')]",0.6381196581196581,False
737,"[('Olanzapine', 0.5, 'uM')]",0.6380854700854701,False
625,"[('Ligustrazine', 0.05, 'uM')]",0.638034188034188,False
604,"[('Lactate (calcium)', 0.05, 'uM')]",0.6378803418803418,False
887,"[('Relugolix', 0.5, 'uM')]",0.6378461538461538,False
929,"[('S-Adenosyl-L-methionine (disulfate tosylate)', 0.5, 'uM')]",0.6378290598290599,False
289,"[('Cloxacillin (sodium)', 0.5, 'uM')]",0.6377435897435897,False
1014,"[('Tirabrutinib (hydrochloride)', 5.0, 'uM')]",0.6377264957264956,False
641,"[('Lucanthone', 0.5, 'uM')]",0.6376581196581197,False
646,"[('MK-3903', 0.05, 'uM')]",0.6376239316239316,False
857,"[('Pyridoxine', 0.5, 'uM')]",0.6374017094017095,False
965,"[('Sodium Salicylate', 0.5, 'uM')]",0.6373162393162393,False
303,"[('Cytarabine (hydrochloride)', 0.05, 'uM')]",0.6371282051282051,False
893,"[('Retinoic acid', 0.5, 'uM')]",0.6371111111111112,False
982,"[('TAK-901', 0.05, 'uM')]",0.6370769230769231,False
659,"[('Malotilate', 0.5, 'uM')]",0.637059829059829,False
1036,"[('Torkinib', 0.05, 'uM')]",0.6369230769230769,False
434,"[('Esmolol (hydrochloride)', 0.5, 'uM')]",0.6368547008547009,False
784,"[('Pemetrexed', 0.05, 'uM')]",0.6367008547008547,False
854,"[('Pyridoxine (hydrochloride)', 0.5, 'uM')]",0.6367008547008547,False
547,"[('Idoxuridine', 0.05, 'uM')]",0.6366324786324786,False
1060,"[('Tubulin inhibitor 6', 0.05, 'uM')]",0.6365811965811966,False
334,"[('Darolutamide', 0.05, 'uM')]",0.6365641025641026,False
985,"[('Tadalafil', 0.05, 'uM')]",0.6363931623931625,False
1122,"[('crizotinib', 5.0, 'uM')]",0.6363076923076922,False
265,"[('Cilostazol', 0.5, 'uM')]",0.6362905982905983,False
274,"[('Clobetasol propionate', 0.5, 'uM')]",0.6361367521367521,False
723,"[('Nevirapine', 5.0, 'uM')]",0.6361196581196581,False
922,"[('Rucaparib (phosphate)', 0.05, 'uM')]",0.6360170940170939,False
838,"[('Posaconazole', 0.05, 'uM')]",0.635965811965812,False
771,"[('PH-797804', 5.0, 'uM')]",0.635948717948718,False
658,"[('Malotilate', 0.05, 'uM')]",0.635931623931624,False
621,"[('Levobupivacaine (hydrochloride)', 5.0, 'uM')]",0.6357435897435897,False
49,"[('Acetazolamide', 0.5, 'uM')]",0.6357094017094017,False
677,"[('Methotrexate', 0.5, 'uM')]",0.6356752136752137,False
3,"[('(S)-Crizotinib', 0.05, 'uM')]",0.6356581196581197,False
962,"[('Sivelestat (sodium tetrahydrate)', 0.5, 'uM')]",0.6356239316239316,False
192,"[('Bicalutamide', 0.05, 'uM')]",0.6354700854700854,False
740,"[('Oleic acid', 0.5, 'uM')]",0.6353675213675214,False
518,"[('Goserelin (acetate)', 0.5, 'uM')]",0.6353162393162393,False
188,"[('Betamethasone dipropionate', 5.0, 'uM')]",0.6352991452991452,False
731,"[('Norepinephrine (hydrochloride)', 0.5, 'uM')]",0.6351965811965812,False
964,"[('Sodium Salicylate', 0.05, 'uM')]",0.6351794871794871,False
1078,"[('Vandetanib', 0.05, 'uM')]",0.6351282051282051,False
332,"[('Darinaparsin', 0.5, 'uM')]",0.6348547008547009,False
1076,"[('Valdecoxib', 0.5, 'uM')]",0.6348205128205129,False
361,"[('Dimethyl fumarate', 0.05, 'uM')]",0.6346495726495727,False
851,"[('Proglumide', 0.5, 'uM')]",0.6345982905982905,False
863,"[('Quinidine (15% dihydroquinidine)', 0.5, 'uM')]",0.6345982905982905,False
820,"[('Pimozide', 0.05, 'uM')]",0.6344444444444444,False
949,"[('Sildenafil', 0.05, 'uM')]",0.6343931623931625,False
614,"[('Larotrectinib', 0.5, 'uM')]",0.6343418803418803,False
792,"[('Penfluridol', 5.0, 'uM')]",0.6342735042735043,False
353,"[('Diammonium Glycyrrhizinate', 0.5, 'uM')]",0.6342393162393163,False
339,"[('Decitabine', 5.0, 'uM')]",0.6341880341880342,False
282,"[('Clopidogrel', 0.05, 'uM')]",0.6340683760683761,False
235,"[('Canagliflozin', 0.5, 'uM')]",0.634051282051282,False
1136,"[('γ-Oryzanol', 0.5, 'uM')]",0.634034188034188,False
206,"[('Bisoprolol (hemifumarate)', 5.0, 'uM')]",0.6340170940170939,False
1004,"[('Tetracycline (hydrochloride)', 0.5, 'uM')]",0.6340170940170939,False
27,"[('AT7519', 0.05, 'uM')]",0.633965811965812,False
794,"[('Pentagastrin', 0.5, 'uM')]",0.633948717948718,False
1055,"[('Trifluridine', 0.5, 'uM')]",0.6338632478632479,False
824,"[('Pioglitazone', 0.5, 'uM')]",0.6338461538461538,False
869,"[('Radotinib', 0.5, 'uM')]",0.6338461538461538,False
680,"[('Methyl aminolevulinate (hydrochloride)', 0.5, 'uM')]",0.6337435897435897,False
623,"[('Lidocaine (hydrochloride)', 0.5, 'uM')]",0.6336752136752137,False
703,"[('NG25', 0.05, 'uM')]",0.6336581196581197,False
1027,"[('Tolmetin', 0.05, 'uM')]",0.6335555555555555,False
374,"[('Docetaxel', 0.5, 'uM')]",0.6333162393162393,False
576,"[('Ivabradine (hydrochloride)', 5.0, 'uM')]",0.6332991452991452,False
763,"[('Oxaprozin', 0.05, 'uM')]",0.6332649572649572,False
448,"[('Ferulic acid', 0.05, 'uM')]",0.6332136752136752,False
583,"[('Ixazomib', 0.05, 'uM')]",0.6331452991452992,False
592,"[('LB-100', 0.05, 'uM')]",0.633059829059829,False
78,"[('Almonertinib (mesylate)', 0.05, 'uM')]",0.633042735042735,False
940,"[('Sapanisertib', 0.05, 'uM')]",0.632940170940171,False
229,"[('Cabozantinib (S-malate)', 0.5, 'uM')]",0.6329230769230769,False
997,"[('Temuterkib', 0.05, 'uM')]",0.6328547008547009,False
244,"[('Captopril', 0.5, 'uM')]",0.6328205128205129,False
473,"[('Folic acid', 0.5, 'uM')]",0.6327863247863248,False
578,"[('Ivermectin', 0.5, 'uM')]",0.6327692307692308,False
976,"[('Sunitinib', 0.05, 'uM')]",0.6327350427350427,False
454,"[('Finasteride', 0.05, 'uM')]",0.6326666666666667,False
34,"[('AZD-8055', 0.5, 'uM')]",0.6325982905982905,False
781,"[('Pasireotide (acetate)', 0.05, 'uM')]",0.6325470085470086,False
120,"[('Atazanavir (sulfate)', 0.05, 'uM')]",0.6325299145299146,False
755,"[('Osimertinib (mesylate)', 0.5, 'uM')]",0.6324615384615384,False
714,"[('Naproxen', 5.0, 'uM')]",0.6324444444444444,False
966,"[('Sodium Salicylate', 5.0, 'uM')]",0.6323418803418803,False
213,"[('Brimonidine', 0.05, 'uM')]",0.6323247863247863,False
416,"[('Entrectinib', 0.5, 'uM')]",0.6323076923076922,False
516,"[('Glycyrrhizic acid', 5.0, 'uM')]",0.6322905982905983,False
356,"[('Digitoxin', 0.5, 'uM')]",0.6321367521367521,False
341,"[('Delamanid', 0.5, 'uM')]",0.6320854700854701,False
150,"[('Belumosudil', 0.05, 'uM')]",0.6320683760683761,False
733,"[('OTS514', 0.05, 'uM')]",0.632051282051282,False
478,"[('Fulvestrant', 0.05, 'uM')]",0.631982905982906,False
644,"[('Lumateperone (tosylate)', 0.5, 'uM')]",0.631965811965812,False
661,"[('Mebendazole', 0.05, 'uM')]",0.6318803418803418,False
557,"[('Indacaterol (maleate)', 0.5, 'uM')]",0.6318461538461538,False
814,"[('Phenytoin (sodium)', 0.05, 'uM')]",0.6318119658119659,False
266,"[('Cilostazol', 5.0, 'uM')]",0.6317948717948718,False
979,"[('TAK-733', 0.05, 'uM')]",0.6317606837606837,False
846,"[('Pravastatin (sodium)', 5.0, 'uM')]",0.6315897435897435,False
443,"[('Fedratinib (hydrochloride hydrate)', 0.5, 'uM')]",0.6315384615384616,False
252,"[('Celecoxib', 0.05, 'uM')]",0.6315042735042735,False
590,"[('L-Thyroxine (sodium salt pentahydrate)', 0.5, 'uM')]",0.6315042735042735,False
135,"[('BI-78D3', 0.05, 'uM')]",0.6314188034188034,False
591,"[('L-Thyroxine (sodium salt pentahydrate)', 5.0, 'uM')]",0.6311282051282051,False
698,"[('Monocrotaline', 0.5, 'uM')]",0.6311282051282051,False
1013,"[('Tirabrutinib (hydrochloride)', 0.5, 'uM')]",0.630991452991453,False
261,"[('Ciclopirox', 0.05, 'uM')]",0.630974358974359,False
118,"[('Ataluren', 0.5, 'uM')]",0.6309230769230769,False
943,"[('Saquinavir', 0.05, 'uM')]",0.6309230769230769,False
183,"[('Bestatin', 0.05, 'uM')]",0.6307692307692307,False
1094,"[('Vinblastine (sulfate)', 0.5, 'uM')]",0.6307521367521367,False
86,"[('Altretamine', 5.0, 'uM')]",0.6307008547008547,False
523,"[('Harringtonine', 0.05, 'uM')]",0.6306495726495727,False
142,"[('Balsalazide (sodium hydrate)', 0.5, 'uM')]",0.6306153846153846,False
560,"[('Infigratinib', 0.5, 'uM')]",0.6304786324786325,False
211,"[('Bosentan (hydrate)', 0.5, 'uM')]",0.6304615384615384,False
109,"[('Artesunate', 0.5, 'uM')]",0.6303931623931625,False
764,"[('Oxaprozin', 0.5, 'uM')]",0.6302905982905983,False
908,"[('Rimonabant', 0.5, 'uM')]",0.6300170940170939,False
87,"[('Amsacrine', 0.05, 'uM')]",0.629965811965812,False
638,"[('Lopinavir', 0.5, 'uM')]",0.629948717948718,False
749,"[('Orlistat', 0.5, 'uM')]",0.629948717948718,False
19,"[('8-Hydroxyquinoline', 0.5, 'uM')]",0.6299145299145299,False
205,"[('Bisoprolol (hemifumarate)', 0.5, 'uM')]",0.6297435897435897,False
647,"[('MK-3903', 0.5, 'uM')]",0.6297264957264957,False
688,"[('Mifepristone', 0.05, 'uM')]",0.6297264957264957,False
426,"[('Erdafitinib ', 5.0, 'uM')]",0.6297094017094017,False
988,"[('Talc', 0.05, 'uM')]",0.6296068376068376,False
1064,"[('Tucatinib', 0.5, 'uM')]",0.6295726495726496,False
283,"[('Clopidogrel', 0.5, 'uM')]",0.6295042735042735,False
428,"[('Erlotinib', 0.5, 'uM')]",0.6293846153846154,False
961,"[('Sivelestat (sodium tetrahydrate)', 0.05, 'uM')]",0.6293846153846154,False
197,"[('Bimatoprost', 5.0, 'uM')]",0.6293675213675214,False
730,"[('Norepinephrine (hydrochloride)', 0.05, 'uM')]",0.6293333333333333,False
296,"[('Crizotinib (hydrochloride)', 5.0, 'uM')]",0.6292991452991453,False
622,"[('Lidocaine (hydrochloride)', 0.05, 'uM')]",0.6292991452991453,False
469,"[('Fluvoxamine', 0.05, 'uM')]",0.6292820512820513,False
413,"[('Entecavir (monohydrate)', 0.5, 'uM')]",0.6292307692307693,False
327,"[('Dapagliflozin', 5.0, 'uM')]",0.6291965811965812,False
709,"[('Nafamostat (mesylate)', 0.05, 'uM')]",0.6291452991452992,False
713,"[('Naproxen', 0.5, 'uM')]",0.628940170940171,False
89,"[('Amsacrine', 5.0, 'uM')]",0.6289230769230769,False
845,"[('Pravastatin (sodium)', 0.5, 'uM')]",0.6289230769230769,False
1128,"[('palbociclib', 5.0, 'uM')]",0.6288888888888888,False
325,"[('Dapagliflozin', 0.05, 'uM')]",0.6288547008547009,False
12,"[('5-Azacytidine', 0.05, 'uM')]",0.6288205128205129,False
90,"[('Anastrozole', 0.05, 'uM')]",0.6288034188034188,False
36,"[('AZD1390', 0.05, 'uM')]",0.6287179487179487,False
746,"[('Omeprazole', 0.5, 'uM')]",0.6287008547008547,False
372,"[('Docetaxel (Trihydrate)', 5.0, 'uM')]",0.6285470085470086,False
877,"[('Ranolazine', 0.05, 'uM')]",0.6285299145299146,False
24,"[('APTO-253', 0.05, 'uM')]",0.6284615384615384,False
99,"[('Aprepitant', 0.05, 'uM')]",0.6284102564102564,False
500,"[('Gallic acid', 0.5, 'uM')]",0.6284102564102564,False
631,"[('Lonafarnib', 0.05, 'uM')]",0.6283931623931625,False
1100,"[('Vitamin K4', 0.5, 'uM')]",0.6283076923076922,False
123,"[('Auranofin', 0.05, 'uM')]",0.6282735042735043,False
488,"[('Fusidic acid', 0.5, 'uM')]",0.6281880341880342,False
285,"[('Clotrimazole', 0.05, 'uM')]",0.6281538461538462,False
301,"[('Cysteamine (hydrochloride)', 0.5, 'uM')]",0.6281538461538462,False
238,"[('Capivasertib', 0.5, 'uM')]",0.6281196581196582,False
952,"[('Silodosin', 0.05, 'uM')]",0.6280683760683761,False
159,"[('Benproperine (phosphate)', 0.05, 'uM')]",0.628,False
619,"[('Levobupivacaine (hydrochloride)', 0.05, 'uM')]",0.628,False
144,"[('Belinostat', 0.05, 'uM')]",0.6278803418803418,False
721,"[('Nevirapine', 0.05, 'uM')]",0.6277606837606837,False
423,"[('Eplerenone', 5.0, 'uM')]",0.6276923076923078,False
1066,"[('Tucidinostat', 0.05, 'uM')]",0.6276581196581197,False
56,"[('Adagrasib', 5.0, 'uM')]",0.6276239316239316,False
329,"[('Daptomycin', 0.5, 'uM')]",0.6275897435897435,False
442,"[('Fedratinib (hydrochloride hydrate)', 0.05, 'uM')]",0.6275726495726496,False
347,"[('Dexamethasone', 0.5, 'uM')]",0.6275555555555555,False
100,"[('Aprepitant', 0.5, 'uM')]",0.6275384615384616,False
524,"[('Harringtonine', 0.5, 'uM')]",0.6275042735042735,False
727,"[('Nimesulide', 0.05, 'uM')]",0.6274700854700854,False
48,"[('Acetazolamide', 0.05, 'uM')]",0.6273675213675214,False
790,"[('Penfluridol', 0.05, 'uM')]",0.6273675213675214,False
1068,"[('Tucidinostat', 5.0, 'uM')]",0.6273675213675214,False
913,"[('Ropivacaine (hydrochloride monohydrate)', 0.05, 'uM')]",0.6273504273504273,False
497,"[('Gallic acid (hydrate)', 0.5, 'uM')]",0.6272649572649573,False
611,"[('Larotrectinib sulfate', 0.5, 'uM')]",0.6272649572649573,False
262,"[('Ciclopirox', 0.5, 'uM')]",0.6272478632478633,False
490,"[('Futibatinib', 0.05, 'uM')]",0.6272478632478633,False
706,"[('NVP-BHG712', 0.05, 'uM')]",0.6272478632478633,False
493,"[('GSK1059615', 0.05, 'uM')]",0.6272307692307693,False
923,"[('Rucaparib (phosphate)', 0.5, 'uM')]",0.6272307692307693,False
388,"[('ERK5-IN-2', 0.05, 'uM')]",0.6271965811965812,False
1033,"[('Topotecan (hydrochloride)', 0.05, 'uM')]",0.6271282051282051,False
298,"[('Cyclosporin A', 0.5, 'uM')]",0.627042735042735,False
54,"[('Adagrasib', 0.05, 'uM')]",0.627025641025641,False
716,"[('Neratinib (maleate)', 0.5, 'uM')]",0.626991452991453,False
271,"[('Citalopram (hydrobromide)', 0.5, 'uM')]",0.626957264957265,False
744,"[('Omeprazole (sodium)', 5.0, 'uM')]",0.626957264957265,False
190,"[('Bexarotene', 0.5, 'uM')]",0.626940170940171,False
643,"[('Lumateperone (tosylate)', 0.05, 'uM')]",0.6268888888888888,False
398,"[('Econazole', 0.5, 'uM')]",0.6268547008547009,False
808,"[('Pexidartinib (hydrochloride)', 0.05, 'uM')]",0.6267521367521367,False
1061,"[('Tubulin inhibitor 6', 0.5, 'uM')]",0.6267350427350427,False
508,"[('Gemfibrozil', 0.05, 'uM')]",0.6267179487179487,False
849,"[('Procainamide (hydrochloride)', 5.0, 'uM')]",0.6266495726495727,False
148,"[('Belumosudil (mesylate)', 0.5, 'uM')]",0.6265811965811966,False
276,"[('Clofarabine', 0.05, 'uM')]",0.6265811965811966,False
510,"[('Gemfibrozil', 5.0, 'uM')]",0.6264786324786324,False
936,"[('Sacubitril/Valsartan', 5.0, 'uM')]",0.6264444444444445,False
1045,"[('Tranilast', 0.05, 'uM')]",0.6264444444444445,False
939,"[('Salicylic acid', 5.0, 'uM')]",0.6264273504273504,False
801,"[('Pentoxifylline', 5.0, 'uM')]",0.6264102564102564,False
76,"[('Almonertinib (hydrochloride)', 0.5, 'uM')]",0.6263760683760684,False
313,"[('DTP3', 0.05, 'uM')]",0.6263589743589744,False
1085,"[('Verapamil', 0.5, 'uM')]",0.6263247863247863,False
117,"[('Ataluren', 0.05, 'uM')]",0.6263076923076922,False
565,"[('Irinotecan (hydrochloride)', 0.05, 'uM')]",0.6262905982905983,False
1057,"[('Trimetrexate', 0.05, 'uM')]",0.6262905982905983,False
700,"[('Mozavaptan', 0.05, 'uM')]",0.6262735042735043,False
632,"[('Lonafarnib', 0.5, 'uM')]",0.6260854700854701,False
460,"[('Flumatinib (mesylate)', 0.05, 'uM')]",0.6260683760683761,False
842,"[('Pralsetinib', 0.5, 'uM')]",0.626034188034188,False
483,"[('Fumaric acid', 5.0, 'uM')]",0.626017094017094,False
304,"[('Cytarabine (hydrochloride)', 0.5, 'uM')]",0.626,False
715,"[('Neratinib (maleate)', 0.05, 'uM')]",0.6258803418803418,False
562,"[('Ipatasertib', 0.05, 'uM')]",0.6258632478632479,False
889,"[('Resveratrol', 0.05, 'uM')]",0.6258461538461538,False
240,"[('Capmatinib', 0.05, 'uM')]",0.6258119658119659,False
532,"[('Homoharringtonine', 0.05, 'uM')]",0.6258119658119659,False
419,"[('Epirubicin (hydrochloride)', 0.5, 'uM')]",0.6256923076923078,False
273,"[('Clobetasol propionate', 0.05, 'uM')]",0.6256581196581197,False
738,"[('Olanzapine', 5.0, 'uM')]",0.6256410256410256,False
363,"[('Dimethyl fumarate', 5.0, 'uM')]",0.6256239316239316,False
382,"[('Doxycycline (monohydrate)', 0.05, 'uM')]",0.6255555555555555,False
319,"[('Daidzin', 0.05, 'uM')]",0.6255042735042735,False
847,"[('Procainamide (hydrochloride)', 0.05, 'uM')]",0.6255042735042735,False
694,"[('Mitoxantrone (dihydrochloride)', 0.05, 'uM')]",0.6254017094017095,False
570,"[('Irinotecan', 5.0, 'uM')]",0.6253675213675214,False
639,"[('Lopinavir', 5.0, 'uM')]",0.6253333333333333,False
758,"[('Ouabain (Octahydrate)', 0.5, 'uM')]",0.6253333333333333,False
184,"[('Bestatin', 0.5, 'uM')]",0.6252820512820513,False
461,"[('Flumatinib (mesylate)', 0.5, 'uM')]",0.6251965811965812,False
692,"[('Minodronic acid', 0.5, 'uM')]",0.6250940170940171,False
357,"[('Digitoxin', 5.0, 'uM')]",0.6250769230769231,False
156,"[('Bendamustine', 0.05, 'uM')]",0.625025641025641,False
627,"[('Ligustrazine', 5.0, 'uM')]",0.624974358974359,False
917,"[('Rosiglitazone', 0.5, 'uM')]",0.624974358974359,False
310,"[('DT-061', 0.05, 'uM')]",0.624957264957265,False
180,"[('Bestatin (hydrochloride)', 0.05, 'uM')]",0.6249230769230769,False
1082,"[('Vemurafenib', 0.5, 'uM')]",0.6249230769230769,False
185,"[('Bestatin', 5.0, 'uM')]",0.6248888888888888,False
986,"[('Tadalafil', 0.5, 'uM')]",0.6248205128205129,False
662,"[('Mebendazole', 0.5, 'uM')]",0.6247521367521367,False
458,"[('Fingolimod (hydrochloride)', 0.5, 'uM')]",0.6246495726495727,False
772,"[('Paclitaxel', 0.05, 'uM')]",0.6246495726495727,False
876,"[('Raltitrexed', 5.0, 'uM')]",0.6246495726495727,False
978,"[('Sunitinib', 5.0, 'uM')]",0.6246324786324786,False
556,"[('Indacaterol (maleate)', 0.05, 'uM')]",0.6245811965811966,False
67,"[('Aliskiren', 0.5, 'uM')]",0.6245128205128205,False
920,"[('Roxadustat', 0.5, 'uM')]",0.6244786324786324,False
686,"[('Methylthiouracil', 0.5, 'uM')]",0.6244444444444445,False
160,"[('Benproperine (phosphate)', 0.5, 'uM')]",0.6243589743589744,False
418,"[('Epirubicin (hydrochloride)', 0.05, 'uM')]",0.6242735042735043,False
670,"[('Meloxicam', 0.05, 'uM')]",0.6241709401709401,False
1063,"[('Tucatinib', 0.05, 'uM')]",0.6241196581196582,False
81,"[('Alpelisib', 0.05, 'uM')]",0.6240683760683761,False
102,"[('Arbutin', 0.05, 'uM')]",0.6240683760683761,False
823,"[('Pioglitazone', 0.05, 'uM')]",0.624051282051282,False
935,"[('Sacubitril/Valsartan', 0.5, 'uM')]",0.623965811965812,False
42,"[('Abemaciclib', 0.05, 'uM')]",0.6238974358974358,False
541,"[('IQ 1', 0.05, 'uM')]",0.6238974358974358,False
111,"[('Asciminib', 0.05, 'uM')]",0.6238632478632479,False
575,"[('Ivabradine (hydrochloride)', 0.5, 'uM')]",0.6238290598290599,False
1099,"[('Vitamin K4', 0.05, 'uM')]",0.6238290598290599,False
552,"[('Imiquimod (hydrochloride)', 5.0, 'uM')]",0.6237948717948718,False
228,"[('Cabozantinib (S-malate)', 0.05, 'uM')]",0.6237777777777778,False
422,"[('Eplerenone', 0.5, 'uM')]",0.6237777777777778,False
231,"[('Canagliflozin (hemihydrate)', 0.05, 'uM')]",0.6236752136752137,False
15,"[('5-Fluorouracil', 0.05, 'uM')]",0.6236410256410256,False
786,"[('Pemetrexed', 5.0, 'uM')]",0.6236239316239316,False
40,"[('AZD2858', 0.5, 'uM')]",0.6235384615384616,False
618,"[('Lenalidomide (hemihydrate)', 5.0, 'uM')]",0.6235042735042735,False
1135,"[('γ-Oryzanol', 0.05, 'uM')]",0.6235042735042735,False
344,"[('Demeclocycline', 0.5, 'uM')]",0.6234358974358974,False
594,"[('LB-100', 5.0, 'uM')]",0.6234188034188034,False
826,"[('Piroxicam', 0.05, 'uM')]",0.6233504273504273,False
29,"[('AT7519', 5.0, 'uM')]",0.6233333333333333,False
406,"[('Elimusertib hydrochloride', 0.05, 'uM')]",0.6233333333333333,False
30,"[('AZD-7648', 0.05, 'uM')]",0.6233162393162393,False
924,"[('Rucaparib (phosphate)', 5.0, 'uM')]",0.6232649572649573,False
91,"[('Anastrozole', 0.5, 'uM')]",0.6231794871794871,False
653,"[('ML264', 0.5, 'uM')]",0.6231452991452991,False
633,"[('Lonafarnib', 5.0, 'uM')]",0.6231282051282051,False
70,"[('Allantoin', 0.5, 'uM')]",0.623042735042735,False
168,"[('Berbamine (dihydrochloride)', 0.05, 'uM')]",0.623042735042735,False
186,"[('Betamethasone dipropionate', 0.05, 'uM')]",0.623042735042735,False
321,"[('Daidzin', 5.0, 'uM')]",0.623042735042735,False
691,"[('Minodronic acid', 0.05, 'uM')]",0.623025641025641,False
309,"[('DMSO_TF', 0.0, 'uM')]",0.6228888888888888,False
247,"[('Carbamazepine', 0.5, 'uM')]",0.6228717948717949,False
345,"[('Demeclocycline', 5.0, 'uM')]",0.6228376068376069,False
649,"[('MK-8353', 0.05, 'uM')]",0.6228376068376069,False
45,"[('Abiraterone acetate', 0.05, 'uM')]",0.6227692307692307,False
280,"[('Clonidine (hydrochloride)', 0.5, 'uM')]",0.6227521367521367,False
503,"[('Gefitinib', 0.5, 'uM')]",0.6227350427350427,False
255,"[('Cepharanthine', 0.05, 'uM')]",0.6226666666666667,False
391,"[('ETC-206', 0.05, 'uM')]",0.6226324786324786,False
598,"[('LY-2584702 (tosylate salt)', 0.05, 'uM')]",0.6226153846153846,False
626,"[('Ligustrazine', 0.5, 'uM')]",0.6225982905982905,False
61,"[('Adenosine', 0.5, 'uM')]",0.6225811965811966,False
584,"[('Ixazomib', 0.5, 'uM')]",0.6225641025641026,False
263,"[('Ciclopirox', 5.0, 'uM')]",0.6225299145299146,False
938,"[('Salicylic acid', 0.5, 'uM')]",0.6225128205128205,False
902,"[('Riluzole hydrochloride', 0.5, 'uM')]",0.6224444444444445,False
529,"[('Hexylresorcinol', 0.05, 'uM')]",0.6223931623931624,False
446,"[('Fenofibrate', 0.5, 'uM')]",0.6223418803418803,False
294,"[('Crizotinib (hydrochloride)', 0.05, 'uM')]",0.6223247863247863,False
999,"[('Temuterkib', 5.0, 'uM')]",0.6222905982905983,False
43,"[('Abemaciclib', 0.5, 'uM')]",0.6222735042735043,False
346,"[('Dexamethasone', 0.05, 'uM')]",0.6222222222222222,False
194,"[('Bicalutamide', 5.0, 'uM')]",0.6222051282051282,False
750,"[('Orlistat', 5.0, 'uM')]",0.6221709401709401,False
502,"[('Gefitinib', 0.05, 'uM')]",0.6221367521367521,False
634,"[('Loperamide (hydrochloride)', 0.05, 'uM')]",0.6221196581196582,False
860,"[('Quinestrol', 0.5, 'uM')]",0.6221025641025641,False
1024,"[('Tolcapone', 0.05, 'uM')]",0.6221025641025641,False
467,"[('Fluvoxamine (maleate)', 0.5, 'uM')]",0.622034188034188,False
165,"[('Benztropine (mesylate)', 0.05, 'uM')]",0.622017094017094,False
905,"[('Rimonabant (Hydrochloride)', 0.5, 'uM')]",0.622017094017094,False
992,"[('Tazarotene', 0.5, 'uM')]",0.6219316239316239,False
466,"[('Fluvoxamine (maleate)', 0.05, 'uM')]",0.6218461538461538,False
803,"[('Peretinoin', 0.5, 'uM')]",0.6217777777777778,False
300,"[('Cysteamine (hydrochloride)', 0.05, 'uM')]",0.6216752136752137,False
822,"[('Pimozide', 5.0, 'uM')]",0.6216581196581197,False
705,"[('NG25', 5.0, 'uM')]",0.6215897435897436,False
1098,"[('Vismodegib', 5.0, 'uM')]",0.6215897435897436,False
189,"[('Bexarotene', 0.05, 'uM')]",0.6215384615384616,False
297,"[('Cyclosporin A', 0.05, 'uM')]",0.6215213675213676,False
114,"[('Aspirin', 0.05, 'uM')]",0.6214700854700854,False
918,"[('Rosiglitazone', 5.0, 'uM')]",0.6214700854700854,False
937,"[('Salicylic acid', 0.05, 'uM')]",0.6214017094017095,False
433,"[('Esmolol (hydrochloride)', 0.05, 'uM')]",0.6213504273504273,False
726,"[('Niclosamide (olamine)', 5.0, 'uM')]",0.6212820512820513,False
906,"[('Rimonabant (Hydrochloride)', 5.0, 'uM')]",0.6212307692307693,False
367,"[('Diphenhydramine', 0.05, 'uM')]",0.6211794871794871,False
1104,"[('Volasertib', 5.0, 'uM')]",0.6211794871794871,False
712,"[('Naproxen', 0.05, 'uM')]",0.6211452991452991,False
980,"[('TAK-733', 0.5, 'uM')]",0.6211111111111112,False
977,"[('Sunitinib', 0.5, 'uM')]",0.620991452991453,False
250,"[('Carbidopa (monohydrate)', 0.5, 'uM')]",0.620974358974359,False
26,"[('APTO-253', 5.0, 'uM')]",0.620957264957265,False
704,"[('NG25', 0.5, 'uM')]",0.620957264957265,False
173,"[('Berbamine', 5.0, 'uM')]",0.620940170940171,False
915,"[('Ropivacaine (hydrochloride monohydrate)', 5.0, 'uM')]",0.6209230769230769,False
1108,"[('Vortioxetine', 0.05, 'uM')]",0.6208205128205129,False
369,"[('Diphenhydramine', 5.0, 'uM')]",0.6208034188034188,False
475,"[('Fostamatinib (disodium hexahydrate)', 0.05, 'uM')]",0.6207521367521367,False
397,"[('Econazole', 0.05, 'uM')]",0.6207179487179487,False
566,"[('Irinotecan (hydrochloride)', 0.5, 'uM')]",0.6207008547008547,False
82,"[('Alpelisib', 0.5, 'uM')]",0.6206495726495727,False
258,"[('Chlorhexidine (diacetate)', 0.05, 'uM')]",0.6206324786324786,False
463,"[('Flutamide', 0.05, 'uM')]",0.6206324786324786,False
531,"[('Hexylresorcinol', 5.0, 'uM')]",0.6206324786324786,False
4,"[('(S)-Crizotinib', 0.5, 'uM')]",0.6205299145299146,False
605,"[('Lactate (calcium)', 0.5, 'uM')]",0.6204786324786324,False
447,"[('Fenofibrate', 5.0, 'uM')]",0.6204273504273504,False
620,"[('Levobupivacaine (hydrochloride)', 0.5, 'uM')]",0.6203589743589744,False
151,"[('Belumosudil', 0.5, 'uM')]",0.6203076923076922,False
336,"[('Darolutamide', 5.0, 'uM')]",0.6201709401709401,False
149,"[('Belumosudil (mesylate)', 5.0, 'uM')]",0.6201196581196582,False
487,"[('Fusidic acid', 0.05, 'uM')]",0.6200683760683761,False
98,"[('Apalutamide', 5.0, 'uM')]",0.620017094017094,False
237,"[('Capivasertib', 0.05, 'uM')]",0.62,False
439,"[('Everolimus', 0.05, 'uM')]",0.6199316239316239,False
970,"[('Sulfatinib', 0.05, 'uM')]",0.6198974358974358,False
278,"[('Clofarabine', 5.0, 'uM')]",0.6198803418803418,False
729,"[('Nimesulide', 5.0, 'uM')]",0.6198803418803418,False
774,"[('Paclitaxel', 5.0, 'uM')]",0.6198461538461538,False
342,"[('Delamanid', 5.0, 'uM')]",0.6198290598290599,False
736,"[('Olanzapine', 0.05, 'uM')]",0.6197948717948718,False
480,"[('Fulvestrant', 5.0, 'uM')]",0.6197264957264957,False
567,"[('Irinotecan (hydrochloride)', 5.0, 'uM')]",0.6197264957264957,False
343,"[('Demeclocycline', 0.05, 'uM')]",0.6196752136752137,False
828,"[('Piroxicam', 5.0, 'uM')]",0.6196752136752137,False
270,"[('Citalopram (hydrobromide)', 0.05, 'uM')]",0.6196581196581197,False
754,"[('Osimertinib (mesylate)', 0.05, 'uM')]",0.6196239316239316,False
450,"[('Ferulic acid', 5.0, 'uM')]",0.6195555555555556,False
656,"[('Macitentan', 0.5, 'uM')]",0.6195555555555556,False
172,"[('Berbamine', 0.5, 'uM')]",0.6195213675213675,False
679,"[('Methyl aminolevulinate (hydrochloride)', 0.05, 'uM')]",0.6195213675213675,False
951,"[('Sildenafil', 5.0, 'uM')]",0.6195213675213675,False
989,"[('Talc', 0.5, 'uM')]",0.6195213675213675,False
33,"[('AZD-8055', 0.05, 'uM')]",0.6195042735042735,False
728,"[('Nimesulide', 0.5, 'uM')]",0.6194700854700854,False
243,"[('Captopril', 0.05, 'uM')]",0.6194529914529914,False
46,"[('Abiraterone acetate', 0.5, 'uM')]",0.6193504273504273,False
484,"[('Furosemide', 0.05, 'uM')]",0.6193504273504273,False
811,"[('Phenylephrine (hydrochloride)', 0.05, 'uM')]",0.6193162393162392,False
225,"[('CP21R7', 0.05, 'uM')]",0.6192649572649573,False
1047,"[('Tranilast', 5.0, 'uM')]",0.6192649572649573,False
331,"[('Darinaparsin', 0.05, 'uM')]",0.6192478632478633,False
60,"[('Adenosine', 0.05, 'uM')]",0.6192136752136752,False
174,"[('Berberine (chloride hydrate)', 0.05, 'uM')]",0.6191965811965812,False
850,"[('Proglumide', 0.05, 'uM')]",0.6191965811965812,False
888,"[('Relugolix', 5.0, 'uM')]",0.6191965811965812,False
246,"[('Carbamazepine', 0.05, 'uM')]",0.6191623931623932,False
891,"[('Resveratrol', 5.0, 'uM')]",0.6191623931623932,False
577,"[('Ivermectin', 0.05, 'uM')]",0.6191111111111112,False
73,"[('Allopurinol', 0.5, 'uM')]",0.619059829059829,False
572,"[('Isocorydine', 0.5, 'uM')]",0.619059829059829,False
71,"[('Allantoin', 5.0, 'uM')]",0.619042735042735,False
415,"[('Entrectinib', 0.05, 'uM')]",0.619025641025641,False
835,"[('Ponatinib', 0.05, 'uM')]",0.619025641025641,False
315,"[('DTP3', 5.0, 'uM')]",0.618991452991453,False
236,"[('Canagliflozin', 5.0, 'uM')]",0.6188717948717949,False
254,"[('Celecoxib', 5.0, 'uM')]",0.6188717948717949,False
904,"[('Rimonabant (Hydrochloride)', 0.05, 'uM')]",0.6188717948717949,False
1130,"[('venetoclax', 0.5, 'uM')]",0.6187692307692307,False
350,"[('Dexmedetomidine', 0.5, 'uM')]",0.6187521367521367,False
589,"[('L-Thyroxine (sodium salt pentahydrate)', 0.05, 'uM')]",0.6187521367521367,False
414,"[('Entecavir (monohydrate)', 5.0, 'uM')]",0.6187179487179487,False
806,"[('Perindopril (erbumine)', 0.5, 'uM')]",0.6187179487179487,False
856,"[('Pyridoxine', 0.05, 'uM')]",0.6186837606837607,False
72,"[('Allopurinol', 0.05, 'uM')]",0.6186666666666667,False
171,"[('Berbamine', 0.05, 'uM')]",0.6186324786324786,False
481,"[('Fumaric acid', 0.05, 'uM')]",0.6186324786324786,False
885,"[('Regorafenib', 5.0, 'uM')]",0.6185811965811966,False
385,"[('Drospirenone', 0.05, 'uM')]",0.6185641025641025,False
812,"[('Phenylephrine (hydrochloride)', 0.5, 'uM')]",0.6185641025641025,False
161,"[('Benproperine (phosphate)', 5.0, 'uM')]",0.6185470085470086,False
660,"[('Malotilate', 5.0, 'uM')]",0.6185128205128205,False
1093,"[('Vinblastine (sulfate)', 0.05, 'uM')]",0.6184957264957265,False
1054,"[('Trifluridine', 0.05, 'uM')]",0.6184786324786324,False
892,"[('Retinoic acid', 0.05, 'uM')]",0.6183931623931624,False
991,"[('Tazarotene', 0.05, 'uM')]",0.6183760683760684,False
766,"[('PF-06260933', 0.05, 'uM')]",0.6181709401709401,False
1103,"[('Volasertib', 0.5, 'uM')]",0.6181709401709401,False
886,"[('Relugolix', 0.05, 'uM')]",0.6181025641025641,False
358,"[('Dihydroartemisinin', 0.05, 'uM')]",0.618017094017094,False
685,"[('Methylthiouracil', 0.05, 'uM')]",0.618017094017094,False
10,"[('4EGI-1', 0.5, 'uM')]",0.617948717948718,False
1048,"[('Triamcinolone', 0.05, 'uM')]",0.617948717948718,False
251,"[('Carbidopa (monohydrate)', 5.0, 'uM')]",0.6178974358974358,False
760,"[('Oxaliplatin', 0.05, 'uM')]",0.6178803418803418,False
1109,"[('Vortioxetine', 0.5, 'uM')]",0.6178803418803418,False
1031,"[('Tomivosertib', 0.5, 'uM')]",0.6178632478632479,False
392,"[('ETC-206', 0.5, 'uM')]",0.6178290598290599,False
1051,"[('Triclosan', 0.05, 'uM')]",0.6178290598290599,False
195,"[('Bimatoprost', 0.05, 'uM')]",0.6177777777777778,False
890,"[('Resveratrol', 0.5, 'uM')]",0.6177777777777778,False
1121,"[('crizotinib', 0.5, 'uM')]",0.6177606837606837,False
154,"[('Belzutifan', 0.5, 'uM')]",0.6177264957264957,False
791,"[('Penfluridol', 0.5, 'uM')]",0.6177264957264957,False
101,"[('Aprepitant', 5.0, 'uM')]",0.6176581196581197,False
122,"[('Atazanavir (sulfate)', 5.0, 'uM')]",0.6176410256410256,False
307,"[('Cytarabine', 0.5, 'uM')]",0.6176068376068375,False
1021,"[('Tofacitinib', 0.05, 'uM')]",0.6174871794871795,False
555,"[('Imiquimod (maleate)', 5.0, 'uM')]",0.6174529914529914,False
804,"[('Peretinoin', 5.0, 'uM')]",0.6174017094017095,False
177,"[('Bergenin', 0.05, 'uM')]",0.6173675213675214,False
196,"[('Bimatoprost', 0.5, 'uM')]",0.6173675213675214,False
925,"[('Rutin (trihydrate)', 0.05, 'uM')]",0.6173675213675214,False
1059,"[('Trimetrexate', 5.0, 'uM')]",0.6172649572649573,False
996,"[('Temsirolimus', 5.0, 'uM')]",0.6172478632478633,False
1075,"[('Valdecoxib', 0.05, 'uM')]",0.6172478632478633,False
143,"[('Balsalazide (sodium hydrate)', 5.0, 'uM')]",0.6171111111111112,False
169,"[('Berbamine (dihydrochloride)', 0.5, 'uM')]",0.6171111111111112,False
320,"[('Daidzin', 0.5, 'uM')]",0.6171111111111112,False
616,"[('Lenalidomide (hemihydrate)', 0.05, 'uM')]",0.6170940170940171,False
84,"[('Altretamine', 0.05, 'uM')]",0.617042735042735,False
138,"[('Baicalin', 0.05, 'uM')]",0.617008547008547,False
664,"[('Medroxyprogesterone acetate', 0.05, 'uM')]",0.616991452991453,False
702,"[('Mozavaptan', 5.0, 'uM')]",0.616974358974359,False
907,"[('Rimonabant', 0.05, 'uM')]",0.6169059829059829,False
597,"[('LJI308', 5.0, 'uM')]",0.6168888888888888,False
1092,"[('Vilanterol', 5.0, 'uM')]",0.6168888888888888,False
306,"[('Cytarabine', 0.05, 'uM')]",0.6168547008547008,False
482,"[('Fumaric acid', 0.5, 'uM')]",0.6168547008547008,False
895,"[('Ribociclib', 0.05, 'uM')]",0.6168547008547008,False
166,"[('Benztropine (mesylate)', 0.5, 'uM')]",0.6168034188034188,False
62,"[('Adenosine', 5.0, 'uM')]",0.6167521367521367,False
95,"[('Anethole trithione', 5.0, 'uM')]",0.6167521367521367,False
629,"[('Lipoic acid', 0.5, 'uM')]",0.6167008547008548,False
1118,"[('c-Kit-IN-1', 0.5, 'uM')]",0.6166837606837607,False
635,"[('Loperamide (hydrochloride)', 0.5, 'uM')]",0.6166153846153846,False
610,"[('Larotrectinib sulfate', 0.05, 'uM')]",0.6165641025641025,False
550,"[('Imiquimod (hydrochloride)', 0.05, 'uM')]",0.6165470085470086,False
825,"[('Pioglitazone', 5.0, 'uM')]",0.6165299145299146,False
944,"[('Saquinavir', 0.5, 'uM')]",0.6164615384615384,False
104,"[('Arbutin', 5.0, 'uM')]",0.6164273504273504,False
216,"[('Brivudine', 0.05, 'uM')]",0.6163589743589744,False
187,"[('Betamethasone dipropionate', 0.5, 'uM')]",0.6162905982905983,False
337,"[('Decitabine', 0.05, 'uM')]",0.6162393162393163,False
722,"[('Nevirapine', 0.5, 'uM')]",0.6162393162393163,False
834,"[('Plicamycin', 5.0, 'uM')]",0.6162393162393163,False
1111,"[('XRK3F2', 0.05, 'uM')]",0.6162051282051282,False
718,"[('Neratinib', 0.05, 'uM')]",0.6161709401709401,False
37,"[('AZD1390', 0.5, 'uM')]",0.6161367521367521,False
777,"[('Palmatine (chloride)', 5.0, 'uM')]",0.6161196581196582,False
651,"[('MK-8353', 5.0, 'uM')]",0.6161025641025641,False
476,"[('Fostamatinib (disodium hexahydrate)', 0.5, 'uM')]",0.6160854700854701,False
853,"[('Pyridoxine (hydrochloride)', 0.05, 'uM')]",0.6160683760683761,False
1105,"[('Voriconazole', 0.05, 'uM')]",0.616017094017094,False
233,"[('Canagliflozin (hemihydrate)', 5.0, 'uM')]",0.616,False
1072,"[('Uridine', 0.05, 'uM')]",0.615965811965812,False
637,"[('Lopinavir', 0.05, 'uM')]",0.615948717948718,False
330,"[('Daptomycin', 5.0, 'uM')]",0.6159145299145299,False
606,"[('Lactate (calcium)', 5.0, 'uM')]",0.6158632478632479,False
1053,"[('Triclosan', 5.0, 'uM')]",0.6158119658119658,False
800,"[('Pentoxifylline', 0.5, 'uM')]",0.6157948717948718,False
444,"[('Fedratinib (hydrochloride hydrate)', 5.0, 'uM')]",0.6157606837606837,False
18,"[('8-Hydroxyquinoline', 0.05, 'uM')]",0.6157264957264957,False
1114,"[('Zileuton', 0.05, 'uM')]",0.6157094017094017,False
22,"[('9-ING-41', 0.5, 'uM')]",0.6156752136752137,False
340,"[('Delamanid', 0.05, 'uM')]",0.6156410256410256,False
899,"[('Rifaximin', 0.5, 'uM')]",0.6156410256410256,False
512,"[('Glasdegib', 0.5, 'uM')]",0.6156239316239316,False
539,"[('Hydroxyurea', 0.5, 'uM')]",0.6156239316239316,False
1046,"[('Tranilast', 0.5, 'uM')]",0.6155213675213675,False
693,"[('Minodronic acid', 5.0, 'uM')]",0.6155042735042735,False
720,"[('Neratinib', 5.0, 'uM')]",0.6155042735042735,False
753,"[('Ornidazole', 5.0, 'uM')]",0.6155042735042735,False
650,"[('MK-8353', 0.5, 'uM')]",0.6154188034188034,False
898,"[('Rifaximin', 0.05, 'uM')]",0.6154188034188034,False
608,"[('Lapatinib ditosylate', 0.5, 'uM')]",0.6153675213675214,False
580,"[('Ixazomib citrate', 0.05, 'uM')]",0.6153504273504273,False
457,"[('Fingolimod (hydrochloride)', 0.05, 'uM')]",0.6152991452991453,False
495,"[('GSK1059615', 5.0, 'uM')]",0.6152991452991453,False
535,"[('Hydroxyfasudil', 0.05, 'uM')]",0.6152820512820513,False
607,"[('Lapatinib ditosylate', 0.05, 'uM')]",0.6152478632478633,False
333,"[('Darinaparsin', 5.0, 'uM')]",0.6151282051282052,False
788,"[('Pemigatinib', 0.5, 'uM')]",0.6151282051282052,False
1123,"[('olaparib', 0.05, 'uM')]",0.6150769230769231,False
930,"[('S-Adenosyl-L-methionine (disulfate tosylate)', 5.0, 'uM')]",0.615059829059829,False
288,"[('Cloxacillin (sodium)', 0.05, 'uM')]",0.614957264957265,False
675,"[('Menadione', 5.0, 'uM')]",0.614940170940171,False
318,"[('Dabrafenib', 5.0, 'uM')]",0.6149230769230769,False
25,"[('APTO-253', 0.5, 'uM')]",0.6148717948717949,False
375,"[('Docetaxel', 5.0, 'uM')]",0.6148717948717949,False
221,"[('Budesonide', 5.0, 'uM')]",0.6147692307692307,False
474,"[('Folic acid', 5.0, 'uM')]",0.6146666666666667,False
829,"[('Pitavastatin (Calcium)', 0.05, 'uM')]",0.6146666666666667,False
1129,"[('venetoclax', 0.05, 'uM')]",0.6146324786324786,False
628,"[('Lipoic acid', 0.05, 'uM')]",0.6146153846153846,False
833,"[('Plicamycin', 0.5, 'uM')]",0.6146153846153846,False
284,"[('Clopidogrel', 5.0, 'uM')]",0.6145982905982905,False
21,"[('9-ING-41', 0.05, 'uM')]",0.6145811965811966,False
471,"[('Fluvoxamine', 5.0, 'uM')]",0.6145811965811966,False
968,"[('Sonidegib', 0.5, 'uM')]",0.6144786324786324,False
741,"[('Oleic acid', 5.0, 'uM')]",0.6144102564102565,False
432,"[('Erythromycin', 5.0, 'uM')]",0.6143931623931624,False
492,"[('Futibatinib', 5.0, 'uM')]",0.6143760683760684,False
732,"[('Norepinephrine (hydrochloride)', 5.0, 'uM')]",0.6142735042735044,False
249,"[('Carbidopa (monohydrate)', 0.05, 'uM')]",0.6142393162393163,False
354,"[('Diammonium Glycyrrhizinate', 5.0, 'uM')]",0.6141880341880341,False
1017,"[('Tirabrutinib', 5.0, 'uM')]",0.6141880341880341,False
459,"[('Fingolimod (hydrochloride)', 5.0, 'uM')]",0.6141367521367521,False
351,"[('Dexmedetomidine', 5.0, 'uM')]",0.614017094017094,False
761,"[('Oxaliplatin', 0.5, 'uM')]",0.613965811965812,False
451,"[('Filgotinib', 0.05, 'uM')]",0.6139316239316239,False
972,"[('Sulfatinib', 5.0, 'uM')]",0.6139316239316239,False
571,"[('Isocorydine', 0.05, 'uM')]",0.6138974358974358,False
108,"[('Artesunate', 0.05, 'uM')]",0.6138461538461538,False
1110,"[('Vortioxetine', 5.0, 'uM')]",0.6138461538461538,False
883,"[('Regorafenib', 0.05, 'uM')]",0.6137948717948718,False
1127,"[('palbociclib', 0.5, 'uM')]",0.6137948717948718,False
429,"[('Erlotinib', 5.0, 'uM')]",0.6137264957264957,False
1088,"[('Verteporfin', 0.5, 'uM')]",0.6137094017094017,False
897,"[('Ribociclib', 5.0, 'uM')]",0.6136581196581197,False
324,"[('Dapagliflozin ((2S)-1,2-propanediol, hydrate)', 5.0, 'uM')]",0.6136239316239316,False
759,"[('Ouabain (Octahydrate)', 5.0, 'uM')]",0.6136068376068375,False
640,"[('Lucanthone', 0.05, 'uM')]",0.6135726495726496,False
1029,"[('Tolmetin', 5.0, 'uM')]",0.6135384615384616,False
504,"[('Gefitinib', 5.0, 'uM')]",0.6135042735042735,False
945,"[('Saquinavir', 5.0, 'uM')]",0.6135042735042735,False
1096,"[('Vismodegib', 0.05, 'uM')]",0.6134700854700854,False
110,"[('Artesunate', 5.0, 'uM')]",0.6134529914529915,False
69,"[('Allantoin', 0.05, 'uM')]",0.6134188034188034,False
868,"[('Radotinib', 0.05, 'uM')]",0.6134188034188034,False
901,"[('Riluzole hydrochloride', 0.05, 'uM')]",0.6133504273504273,False
13,"[('5-Azacytidine', 0.5, 'uM')]",0.6133333333333333,False
1049,"[('Triamcinolone', 0.5, 'uM')]",0.6133333333333333,False
745,"[('Omeprazole', 0.05, 'uM')]",0.6132991452991453,False
113,"[('Asciminib', 5.0, 'uM')]",0.6132307692307692,False
515,"[('Glycyrrhizic acid', 0.5, 'uM')]",0.6132307692307692,False
595,"[('LJI308', 0.05, 'uM')]",0.6130940170940171,False
364,"[('Dinaciclib', 0.05, 'uM')]",0.6130769230769231,False
765,"[('Oxaprozin', 5.0, 'uM')]",0.612991452991453,False
199,"[('Bimiralisib', 0.5, 'uM')]",0.612974358974359,False
793,"[('Pentagastrin', 0.05, 'uM')]",0.612957264957265,False
1018,"[('Tofacitinib (citrate)', 0.05, 'uM')]",0.612957264957265,False
884,"[('Regorafenib', 0.5, 'uM')]",0.612940170940171,False
360,"[('Dihydroartemisinin', 5.0, 'uM')]",0.6129230769230769,False
178,"[('Bergenin', 0.5, 'uM')]",0.6128717948717949,False
17,"[('5-Fluorouracil', 5.0, 'uM')]",0.6128547008547008,False
64,"[('Afatinib', 0.5, 'uM')]",0.6127350427350428,False
245,"[('Captopril', 5.0, 'uM')]",0.6127008547008548,False
1008,"[('Thymol', 5.0, 'uM')]",0.6125811965811966,False
281,"[('Clonidine (hydrochloride)', 5.0, 'uM')]",0.6124786324786324,False
468,"[('Fluvoxamine (maleate)', 5.0, 'uM')]",0.6124615384615384,False
690,"[('Mifepristone', 5.0, 'uM')]",0.6124615384615384,False
170,"[('Berbamine (dihydrochloride)', 5.0, 'uM')]",0.6124273504273504,False
308,"[('Cytarabine', 5.0, 'uM')]",0.6124273504273504,False
79,"[('Almonertinib (mesylate)', 0.5, 'uM')]",0.6123589743589744,False
612,"[('Larotrectinib sulfate', 5.0, 'uM')]",0.6123589743589744,False
155,"[('Belzutifan', 5.0, 'uM')]",0.6123247863247863,False
472,"[('Folic acid', 0.05, 'uM')]",0.6123076923076923,False
405,"[('Elagolix sodium', 5.0, 'uM')]",0.6122564102564103,False
328,"[('Daptomycin', 0.05, 'uM')]",0.6122222222222222,False
783,"[('Pasireotide (acetate)', 5.0, 'uM')]",0.6122222222222222,False
859,"[('Quinestrol', 0.05, 'uM')]",0.6122222222222222,False
14,"[('5-Azacytidine', 5.0, 'uM')]",0.6122051282051282,False
456,"[('Finasteride', 5.0, 'uM')]",0.6121367521367521,False
35,"[('AZD-8055', 5.0, 'uM')]",0.6121196581196582,False
1026,"[('Tolcapone', 5.0, 'uM')]",0.6121196581196582,False
153,"[('Belzutifan', 0.05, 'uM')]",0.6120854700854701,False
921,"[('Roxadustat', 5.0, 'uM')]",0.6120854700854701,False
593,"[('LB-100', 0.5, 'uM')]",0.612068376068376,False
900,"[('Rifaximin', 5.0, 'uM')]",0.612017094017094,False
1015,"[('Tirabrutinib', 0.05, 'uM')]",0.612017094017094,False
1020,"[('Tofacitinib (citrate)', 5.0, 'uM')]",0.611965811965812,False
506,"[('Gemcitabine', 0.5, 'uM')]",0.6119316239316239,False
912,"[('Ritonavir', 5.0, 'uM')]",0.6118461538461539,False
683,"[('Methylprednisolone succinate', 0.5, 'uM')]",0.6118119658119658,False
880,"[('Rapamycin', 0.05, 'uM')]",0.6117948717948718,False
253,"[('Celecoxib', 0.5, 'uM')]",0.6117777777777778,False
1137,"[('γ-Oryzanol', 5.0, 'uM')]",0.6117606837606837,False
689,"[('Mifepristone', 0.5, 'uM')]",0.6117435897435897,False
676,"[('Methotrexate', 0.05, 'uM')]",0.6117264957264957,False
813,"[('Phenylephrine (hydrochloride)', 5.0, 'uM')]",0.6117264957264957,False
1005,"[('Tetracycline (hydrochloride)', 5.0, 'uM')]",0.6117094017094017,False
681,"[('Methyl aminolevulinate (hydrochloride)', 5.0, 'uM')]",0.6116752136752137,False
879,"[('Ranolazine', 5.0, 'uM')]",0.6116752136752137,False
864,"[('Quinidine (15% dihydroquinidine)', 5.0, 'uM')]",0.6115384615384616,False
5,"[('(S)-Crizotinib', 5.0, 'uM')]",0.6114871794871795,False
540,"[('Hydroxyurea', 5.0, 'uM')]",0.6113675213675214,False
438,"[('Estrone sulfate (potassium)', 5.0, 'uM')]",0.6113333333333333,False
775,"[('Palmatine (chloride)', 0.05, 'uM')]",0.6113333333333333,False
141,"[('Balsalazide (sodium hydrate)', 0.05, 'uM')]",0.6112991452991453,False
896,"[('Ribociclib', 0.5, 'uM')]",0.6112649572649573,False
795,"[('Pentagastrin', 5.0, 'uM')]",0.6112307692307692,False
742,"[('Omeprazole (sodium)', 0.05, 'uM')]",0.6111794871794871,False
119,"[('Ataluren', 5.0, 'uM')]",0.6111623931623932,False
1034,"[('Topotecan (hydrochloride)', 0.5, 'uM')]",0.6111623931623932,False
1006,"[('Thymol', 0.05, 'uM')]",0.6111282051282052,False
816,"[('Phenytoin (sodium)', 5.0, 'uM')]",0.6110940170940171,False
465,"[('Flutamide', 5.0, 'uM')]",0.611008547008547,False
840,"[('Posaconazole', 5.0, 'uM')]",0.611008547008547,False
50,"[('Acetazolamide', 5.0, 'uM')]",0.610991452991453,False
131,"[('BAY1125976', 5.0, 'uM')]",0.6107008547008548,False
2,"[('(R)-Verapamil (hydrochloride)', 5.0, 'uM')]",0.6106495726495726,False
386,"[('Drospirenone', 0.5, 'uM')]",0.6105128205128205,False
6,"[('18β-Glycyrrhetinic acid', 0.05, 'uM')]",0.6104273504273504,False
51,"[('Acetohexamide', 0.05, 'uM')]",0.6103589743589743,False
958,"[('Sinomenine', 0.05, 'uM')]",0.6102905982905983,False
517,"[('Goserelin (acetate)', 0.05, 'uM')]",0.6102222222222222,False
657,"[('Macitentan', 5.0, 'uM')]",0.6101709401709401,False
533,"[('Homoharringtonine', 0.5, 'uM')]",0.6101196581196582,False
290,"[('Cloxacillin (sodium)', 5.0, 'uM')]",0.6101025641025641,False
544,"[('Idarubicin (hydrochloride)', 0.05, 'uM')]",0.6100854700854701,False
377,"[('Dorzolamide (hydrochloride)', 0.5, 'uM')]",0.609948717948718,False
359,"[('Dihydroartemisinin', 0.5, 'uM')]",0.6098803418803419,False
0,"[('(R)-Verapamil (hydrochloride)', 0.05, 'uM')]",0.6098290598290599,False
903,"[('Riluzole hydrochloride', 5.0, 'uM')]",0.6098290598290599,False
832,"[('Plicamycin', 0.05, 'uM')]",0.6098119658119658,False
128,"[('Azithromycin (hydrate)', 5.0, 'uM')]",0.6097948717948718,False
267,"[('Cinacalcet', 0.05, 'uM')]",0.6097264957264957,False
1001,"[('Terfenadine', 0.5, 'uM')]",0.6096752136752137,False
796,"[('Pentamidine (isethionate)', 0.05, 'uM')]",0.6095555555555556,False
798,"[('Pentamidine (isethionate)', 5.0, 'uM')]",0.6095555555555556,False
756,"[('Osimertinib (mesylate)', 5.0, 'uM')]",0.6095213675213675,False
305,"[('Cytarabine (hydrochloride)', 5.0, 'uM')]",0.6095042735042735,False
805,"[('Perindopril (erbumine)', 0.05, 'uM')]",0.6094700854700854,False
682,"[('Methylprednisolone succinate', 0.05, 'uM')]",0.6094017094017095,False
440,"[('Everolimus', 0.5, 'uM')]",0.6093675213675214,False
522,"[('HI-TOPK-032', 5.0, 'uM')]",0.6093333333333333,False
678,"[('Methotrexate', 5.0, 'uM')]",0.6092820512820513,False
401,"[('Edoxaban (tosylate monohydrate)', 0.5, 'uM')]",0.609059829059829,False
809,"[('Pexidartinib (hydrochloride)', 0.5, 'uM')]",0.608991452991453,False
710,"[('Nafamostat (mesylate)', 0.5, 'uM')]",0.608974358974359,False
1037,"[('Torkinib', 0.5, 'uM')]",0.6089059829059829,False
549,"[('Idoxuridine', 5.0, 'uM')]",0.6088717948717949,False
919,"[('Roxadustat', 0.05, 'uM')]",0.6087863247863248,False
378,"[('Dorzolamide (hydrochloride)', 5.0, 'uM')]",0.6086837606837607,False
1065,"[('Tucatinib', 5.0, 'uM')]",0.6085982905982906,False
496,"[('Gallic acid (hydrate)', 0.05, 'uM')]",0.6085470085470086,False
477,"[('Fostamatinib (disodium hexahydrate)', 5.0, 'uM')]",0.6084615384615384,False
551,"[('Imiquimod (hydrochloride)', 0.5, 'uM')]",0.6084273504273504,False
107,"[('Artemether', 5.0, 'uM')]",0.6083760683760684,False
810,"[('Pexidartinib (hydrochloride)', 5.0, 'uM')]",0.6083760683760684,False
23,"[('9-ING-41', 5.0, 'uM')]",0.6083247863247863,False
609,"[('Lapatinib ditosylate', 5.0, 'uM')]",0.6083247863247863,False
1133,"[('vincristine', 0.5, 'uM')]",0.6082905982905983,False
993,"[('Tazarotene', 5.0, 'uM')]",0.6082735042735044,False
874,"[('Raltitrexed', 0.05, 'uM')]",0.6082564102564103,False
403,"[('Elagolix sodium', 0.05, 'uM')]",0.6082222222222222,False
588,"[('L-Eflornithine (monohydrochloride)', 5.0, 'uM')]",0.6082222222222222,False
995,"[('Temsirolimus', 0.5, 'uM')]",0.6081880341880341,False
613,"[('Larotrectinib', 0.05, 'uM')]",0.6081367521367521,False
926,"[('Rutin (trihydrate)', 0.5, 'uM')]",0.6081196581196582,False
596,"[('LJI308', 0.5, 'uM')]",0.608051282051282,False
430,"[('Erythromycin', 0.05, 'uM')]",0.608017094017094,False
57,"[('Adenine', 0.05, 'uM')]",0.608,False
295,"[('Crizotinib (hydrochloride)', 0.5, 'uM')]",0.607982905982906,False
946,"[('Selinexor ', 0.05, 'uM')]",0.6078974358974358,False
1074,"[('Uridine', 5.0, 'uM')]",0.6078974358974358,False
569,"[('Irinotecan', 0.5, 'uM')]",0.6077948717948718,False
125,"[('Auranofin', 5.0, 'uM')]",0.6077606837606837,False
872,"[('Ralimetinib dimesylate', 0.5, 'uM')]",0.6077435897435897,False
257,"[('Cepharanthine', 5.0, 'uM')]",0.6076923076923078,False
28,"[('AT7519', 0.5, 'uM')]",0.6076581196581197,False
717,"[('Neratinib (maleate)', 5.0, 'uM')]",0.6075384615384616,False
210,"[('Bosentan (hydrate)', 0.05, 'uM')]",0.6075213675213675,False
1010,"[('Thymopentin', 0.5, 'uM')]",0.6075213675213675,False
201,"[('Binimetinib', 0.05, 'uM')]",0.6075042735042735,False
494,"[('GSK1059615', 0.5, 'uM')]",0.6072991452991453,False
974,"[('Sulfisoxazole', 0.5, 'uM')]",0.6072820512820513,False
894,"[('Retinoic acid', 5.0, 'uM')]",0.6072307692307692,False
314,"[('DTP3', 0.5, 'uM')]",0.6071965811965812,False
74,"[('Allopurinol', 5.0, 'uM')]",0.6070940170940171,False
66,"[('Aliskiren', 0.05, 'uM')]",0.607042735042735,False
389,"[('ERK5-IN-2', 0.5, 'uM')]",0.606957264957265,False
513,"[('Glasdegib', 5.0, 'uM')]",0.606957264957265,False
373,"[('Docetaxel', 0.05, 'uM')]",0.6069401709401709,False
687,"[('Methylthiouracil', 5.0, 'uM')]",0.6069401709401709,False
574,"[('Ivabradine (hydrochloride)', 0.05, 'uM')]",0.6069230769230769,False
752,"[('Ornidazole', 0.5, 'uM')]",0.6067521367521367,False
956,"[('Simotinib', 0.5, 'uM')]",0.6067521367521367,False
20,"[('8-Hydroxyquinoline', 5.0, 'uM')]",0.6067008547008548,False
711,"[('Nafamostat (mesylate)', 5.0, 'uM')]",0.6066153846153846,False
348,"[('Dexamethasone', 5.0, 'uM')]",0.6065299145299146,False
365,"[('Dinaciclib', 0.5, 'uM')]",0.6065299145299146,False
865,"[('RMC-6236', 0.05, 'uM')]",0.6065299145299146,False
370,"[('Docetaxel (Trihydrate)', 0.05, 'uM')]",0.6064786324786324,False
179,"[('Bergenin', 5.0, 'uM')]",0.6063418803418803,False
910,"[('Ritonavir', 0.05, 'uM')]",0.6063418803418803,False
259,"[('Chlorhexidine (diacetate)', 0.5, 'uM')]",0.6062735042735043,False
94,"[('Anethole trithione', 0.5, 'uM')]",0.6061367521367521,False
279,"[('Clonidine (hydrochloride)', 0.05, 'uM')]",0.6061367521367521,False
157,"[('Bendamustine', 0.5, 'uM')]",0.606068376068376,False
299,"[('Cyclosporin A', 5.0, 'uM')]",0.605965811965812,False
942,"[('Sapanisertib', 5.0, 'uM')]",0.605948717948718,False
861,"[('Quinestrol', 5.0, 'uM')]",0.6058974358974358,False
47,"[('Abiraterone acetate', 5.0, 'uM')]",0.6058803418803419,False
762,"[('Oxaliplatin', 5.0, 'uM')]",0.6058632478632479,False
878,"[('Ranolazine', 0.5, 'uM')]",0.6057435897435897,False
1086,"[('Verapamil', 5.0, 'uM')]",0.6055726495726496,False
352,"[('Diammonium Glycyrrhizinate', 0.05, 'uM')]",0.6055555555555556,False
870,"[('Radotinib', 5.0, 'uM')]",0.6055384615384616,False
103,"[('Arbutin', 0.5, 'uM')]",0.6055042735042735,False
928,"[('S-Adenosyl-L-methionine (disulfate tosylate)', 0.05, 'uM')]",0.6054700854700854,False
882,"[('Rapamycin', 5.0, 'uM')]",0.6054529914529915,False
603,"[('LY2090314', 5.0, 'uM')]",0.6053846153846154,False
366,"[('Dinaciclib', 5.0, 'uM')]",0.6052478632478633,False
302,"[('Cysteamine (hydrochloride)', 5.0, 'uM')]",0.6051794871794871,False
191,"[('Bexarotene', 5.0, 'uM')]",0.6051452991452991,False
701,"[('Mozavaptan', 0.5, 'uM')]",0.6051452991452991,False
973,"[('Sulfisoxazole', 0.05, 'uM')]",0.605042735042735,False
1056,"[('Trifluridine', 5.0, 'uM')]",0.6049914529914531,False
402,"[('Edoxaban (tosylate monohydrate)', 5.0, 'uM')]",0.6048888888888888,False
630,"[('Lipoic acid', 5.0, 'uM')]",0.6048376068376069,False
579,"[('Ivermectin', 5.0, 'uM')]",0.6048034188034188,False
68,"[('Aliskiren', 5.0, 'uM')]",0.6046837606837607,False
953,"[('Silodosin', 0.5, 'uM')]",0.6046666666666667,False
227,"[('CP21R7', 5.0, 'uM')]",0.6046153846153846,False
615,"[('Larotrectinib', 5.0, 'uM')]",0.6045982905982906,False
97,"[('Apalutamide', 0.5, 'uM')]",0.6045299145299146,False
695,"[('Mitoxantrone (dihydrochloride)', 0.5, 'uM')]",0.6045299145299146,False
200,"[('Bimiralisib', 5.0, 'uM')]",0.6044615384615384,False
669,"[('Megestrol', 5.0, 'uM')]",0.6044615384615384,False
1023,"[('Tofacitinib', 5.0, 'uM')]",0.6043760683760684,False
417,"[('Entrectinib', 5.0, 'uM')]",0.6043076923076923,False
167,"[('Benztropine (mesylate)', 5.0, 'uM')]",0.6042564102564103,False
287,"[('Clotrimazole', 5.0, 'uM')]",0.6042051282051282,False
400,"[('Edoxaban (tosylate monohydrate)', 0.05, 'uM')]",0.6042051282051282,False
362,"[('Dimethyl fumarate', 0.5, 'uM')]",0.6041709401709402,False
554,"[('Imiquimod (maleate)', 0.5, 'uM')]",0.6041709401709402,False
1028,"[('Tolmetin', 0.5, 'uM')]",0.6041538461538462,False
387,"[('Drospirenone', 5.0, 'uM')]",0.6041025641025641,False
815,"[('Phenytoin (sodium)', 0.5, 'uM')]",0.6039316239316239,False
455,"[('Finasteride', 0.5, 'uM')]",0.6039145299145299,False
587,"[('L-Eflornithine (monohydrochloride)', 0.5, 'uM')]",0.6038974358974358,False
126,"[('Azithromycin (hydrate)', 0.05, 'uM')]",0.6038290598290599,False
1101,"[('Vitamin K4', 5.0, 'uM')]",0.6038119658119658,False
747,"[('Omeprazole', 5.0, 'uM')]",0.6037948717948718,False
248,"[('Carbamazepine', 5.0, 'uM')]",0.6036410256410256,False
272,"[('Citalopram (hydrobromide)', 5.0, 'uM')]",0.6036410256410256,False
708,"[('NVP-BHG712', 5.0, 'uM')]",0.6035897435897436,False
264,"[('Cilostazol', 0.05, 'uM')]",0.6035213675213675,False
785,"[('Pemetrexed', 0.5, 'uM')]",0.6033162393162392,False
998,"[('Temuterkib', 0.5, 'uM')]",0.6032649572649573,False
368,"[('Diphenhydramine', 0.5, 'uM')]",0.6032478632478633,False
410,"[('Encorafenib', 0.5, 'uM')]",0.6029914529914531,False
241,"[('Capmatinib', 0.5, 'uM')]",0.602957264957265,False
393,"[('ETC-206', 5.0, 'uM')]",0.6029059829059829,False
1119,"[('c-Kit-IN-1', 5.0, 'uM')]",0.6028376068376069,False
767,"[('PF-06260933', 0.5, 'uM')]",0.6027863247863248,False
511,"[('Glasdegib', 0.05, 'uM')]",0.6027692307692307,False
1050,"[('Triamcinolone', 5.0, 'uM')]",0.6027692307692307,False
1090,"[('Vilanterol', 0.05, 'uM')]",0.6027692307692307,False
852,"[('Proglumide', 5.0, 'uM')]",0.6027521367521367,False
636,"[('Loperamide (hydrochloride)', 5.0, 'uM')]",0.6025641025641026,False
498,"[('Gallic acid (hydrate)', 5.0, 'uM')]",0.6025128205128205,False
536,"[('Hydroxyfasudil', 0.5, 'uM')]",0.6024444444444444,False
77,"[('Almonertinib (hydrochloride)', 5.0, 'uM')]",0.6024273504273504,False
963,"[('Sivelestat (sodium tetrahydrate)', 5.0, 'uM')]",0.6023931623931624,False
136,"[('BI-78D3', 0.5, 'uM')]",0.6023760683760684,False
600,"[('LY-2584702 (tosylate salt)', 5.0, 'uM')]",0.6023418803418803,False
260,"[('Chlorhexidine (diacetate)', 5.0, 'uM')]",0.6023247863247863,False
163,"[('Bentamapimod', 0.5, 'uM')]",0.6022564102564103,False
491,"[('Futibatinib', 0.5, 'uM')]",0.6021538461538462,False
1035,"[('Topotecan (hydrochloride)', 5.0, 'uM')]",0.6021196581196582,False
53,"[('Acetohexamide', 5.0, 'uM')]",0.602017094017094,False
1112,"[('XRK3F2', 0.5, 'uM')]",0.6018974358974358,False
411,"[('Encorafenib', 5.0, 'uM')]",0.6018803418803419,False
1087,"[('Verteporfin', 0.05, 'uM')]",0.6018632478632479,False
830,"[('Pitavastatin (Calcium)', 0.5, 'uM')]",0.6018119658119658,False
873,"[('Ralimetinib dimesylate', 5.0, 'uM')]",0.6017264957264957,False
80,"[('Almonertinib (mesylate)', 5.0, 'uM')]",0.6016239316239316,False
773,"[('Paclitaxel', 0.5, 'uM')]",0.6016068376068375,False
486,"[('Furosemide', 5.0, 'uM')]",0.6015555555555556,False
75,"[('Almonertinib (hydrochloride)', 0.05, 'uM')]",0.6015384615384616,False
663,"[('Mebendazole', 5.0, 'uM')]",0.6014700854700854,False
8,"[('18β-Glycyrrhetinic acid', 5.0, 'uM')]",0.6014188034188035,False
223,"[('Busulfan', 0.5, 'uM')]",0.6014017094017095,False
137,"[('BI-78D3', 5.0, 'uM')]",0.6012478632478633,False
384,"[('Doxycycline (monohydrate)', 5.0, 'uM')]",0.6012307692307692,False
667,"[('Megestrol', 0.05, 'uM')]",0.6011965811965811,False
950,"[('Sildenafil', 0.5, 'uM')]",0.6011794871794871,False
323,"[('Dapagliflozin ((2S)-1,2-propanediol, hydrate)', 0.5, 'uM')]",0.601025641025641,False
602,"[('LY2090314', 0.5, 'uM')]",0.601008547008547,False
987,"[('Tadalafil', 5.0, 'uM')]",0.6009230769230769,False
383,"[('Doxycycline (monohydrate)', 0.5, 'uM')]",0.6007692307692307,False
558,"[('Indacaterol (maleate)', 5.0, 'uM')]",0.6007521367521367,False
844,"[('Pravastatin (sodium)', 0.05, 'uM')]",0.6007350427350427,False
881,"[('Rapamycin', 0.5, 'uM')]",0.6007008547008548,False
140,"[('Baicalin', 5.0, 'uM')]",0.6005641025641026,False
425,"[('Erdafitinib ', 0.5, 'uM')]",0.6004615384615384,False
871,"[('Ralimetinib dimesylate', 0.05, 'uM')]",0.6004444444444444,False
909,"[('Rimonabant', 5.0, 'uM')]",0.6004444444444444,False
866,"[('RMC-6236', 0.5, 'uM')]",0.6002905982905983,False
93,"[('Anethole trithione', 0.05, 'uM')]",0.6001025641025641,False
542,"[('IQ 1', 0.5, 'uM')]",0.600068376068376,False
573,"[('Isocorydine', 5.0, 'uM')]",0.599948717948718,False
654,"[('ML264', 5.0, 'uM')]",0.5999316239316239,False
932,"[('SBI-0640756', 0.5, 'uM')]",0.5998119658119658,False
858,"[('Pyridoxine', 5.0, 'uM')]",0.5996923076923077,False
990,"[('Talc', 5.0, 'uM')]",0.5996239316239316,False
182,"[('Bestatin (hydrochloride)', 5.0, 'uM')]",0.5994529914529915,False
818,"[('Pimitespib', 0.5, 'uM')]",0.5994017094017094,False
470,"[('Fluvoxamine', 0.5, 'uM')]",0.5992478632478633,False
427,"[('Erlotinib', 0.05, 'uM')]",0.5991282051282052,False
819,"[('Pimitespib', 5.0, 'uM')]",0.5991282051282052,False
789,"[('Pemigatinib', 5.0, 'uM')]",0.5991111111111111,False
176,"[('Berberine (chloride hydrate)', 5.0, 'uM')]",0.599042735042735,False
44,"[('Abemaciclib', 5.0, 'uM')]",0.599025641025641,False
198,"[('Bimiralisib', 0.05, 'uM')]",0.5989230769230769,False
674,"[('Menadione', 0.5, 'uM')]",0.5988888888888889,False
581,"[('Ixazomib citrate', 0.5, 'uM')]",0.5988205128205129,False
409,"[('Encorafenib', 0.05, 'uM')]",0.5984615384615385,False
1044,"[('Trametinib', 5.0, 'uM')]",0.5982393162393163,False
162,"[('Bentamapimod', 0.05, 'uM')]",0.598068376068376,False
269,"[('Cinacalcet', 5.0, 'uM')]",0.598034188034188,False
132,"[('BI-3406', 0.05, 'uM')]",0.5979145299145299,False
133,"[('BI-3406', 0.5, 'uM')]",0.5979145299145299,False
204,"[('Bisoprolol (hemifumarate)', 0.05, 'uM')]",0.5978632478632478,False
1016,"[('Tirabrutinib', 0.5, 'uM')]",0.5978290598290599,False
960,"[('Sinomenine', 5.0, 'uM')]",0.5977948717948718,False
277,"[('Clofarabine', 0.5, 'uM')]",0.5977606837606837,False
1107,"[('Voriconazole', 5.0, 'uM')]",0.5977264957264957,False
525,"[('Harringtonine', 5.0, 'uM')]",0.5975897435897436,False
519,"[('Goserelin (acetate)', 5.0, 'uM')]",0.5975555555555556,False
203,"[('Binimetinib', 5.0, 'uM')]",0.5975213675213675,False
232,"[('Canagliflozin (hemihydrate)', 0.5, 'uM')]",0.5975042735042735,False
673,"[('Menadione', 0.05, 'uM')]",0.5972649572649573,False
967,"[('Sonidegib', 0.05, 'uM')]",0.5972478632478633,False
971,"[('Sulfatinib', 0.5, 'uM')]",0.5970940170940171,False
399,"[('Econazole', 5.0, 'uM')]",0.5968717948717949,False
780,"[('Panobinostat', 5.0, 'uM')]",0.5968376068376069,False
867,"[('RMC-6236', 5.0, 'uM')]",0.5968205128205128,False
291,"[('Cobimetinib', 0.05, 'uM')]",0.5967521367521367,False
839,"[('Posaconazole', 0.5, 'uM')]",0.5967179487179487,False
152,"[('Belumosudil', 5.0, 'uM')]",0.5966837606837607,False
1069,"[('ULK-101', 0.05, 'uM')]",0.5966495726495726,False
435,"[('Esmolol (hydrochloride)', 5.0, 'uM')]",0.5964615384615385,False
526,"[('Hesperidin', 0.05, 'uM')]",0.5962393162393163,False
501,"[('Gallic acid', 5.0, 'uM')]",0.5962051282051282,False
848,"[('Procainamide (hydrochloride)', 0.5, 'uM')]",0.5961538461538461,False
1116,"[('Zileuton', 5.0, 'uM')]",0.5961538461538461,False
734,"[('OTS514', 0.5, 'uM')]",0.5960854700854701,False
1125,"[('olaparib', 5.0, 'uM')]",0.596068376068376,False
778,"[('Panobinostat', 0.05, 'uM')]",0.596,False
63,"[('Afatinib', 0.05, 'uM')]",0.5957264957264957,False
1000,"[('Terfenadine', 0.05, 'uM')]",0.5955555555555556,False
85,"[('Altretamine', 0.5, 'uM')]",0.5954871794871794,False
230,"[('Cabozantinib (S-malate)', 5.0, 'uM')]",0.5952991452991453,False
585,"[('Ixazomib', 5.0, 'uM')]",0.5952991452991453,False
855,"[('Pyridoxine (hydrochloride)', 5.0, 'uM')]",0.5951282051282052,False
453,"[('Filgotinib', 5.0, 'uM')]",0.595008547008547,False
933,"[('SBI-0640756', 5.0, 'uM')]",0.594957264957265,False
462,"[('Flumatinib (mesylate)', 5.0, 'uM')]",0.5948034188034188,False
311,"[('DT-061', 0.5, 'uM')]",0.5947863247863248,False
954,"[('Silodosin', 5.0, 'uM')]",0.5945299145299145,False
994,"[('Temsirolimus', 0.05, 'uM')]",0.5943247863247862,False
1042,"[('Trametinib', 0.05, 'uM')]",0.5943247863247862,False
239,"[('Capivasertib', 5.0, 'uM')]",0.5942051282051282,False
55,"[('Adagrasib', 0.5, 'uM')]",0.594068376068376,False
499,"[('Gallic acid', 0.05, 'uM')]",0.594068376068376,False
124,"[('Auranofin', 0.5, 'uM')]",0.593982905982906,False
215,"[('Brimonidine', 5.0, 'uM')]",0.5938290598290599,False
489,"[('Fusidic acid', 5.0, 'uM')]",0.5937264957264957,False
275,"[('Clobetasol propionate', 5.0, 'uM')]",0.5936410256410256,False
748,"[('Orlistat', 0.05, 'uM')]",0.5935042735042735,False
975,"[('Sulfisoxazole', 5.0, 'uM')]",0.5934358974358974,False
404,"[('Elagolix sodium', 0.5, 'uM')]",0.5931452991452991,False
527,"[('Hesperidin', 0.5, 'uM')]",0.593008547008547,False
1079,"[('Vandetanib', 0.5, 'uM')]",0.5928717948717949,False
292,"[('Cobimetinib', 0.5, 'uM')]",0.5922735042735043,False
92,"[('Anastrozole', 5.0, 'uM')]",0.5921709401709402,False
59,"[('Adenine', 5.0, 'uM')]",0.5918974358974358,False
843,"[('Pralsetinib', 5.0, 'uM')]",0.5917948717948718,False
645,"[('Lumateperone (tosylate)', 5.0, 'uM')]",0.5917606837606837,False
335,"[('Darolutamide', 0.5, 'uM')]",0.5916923076923077,False
226,"[('CP21R7', 0.5, 'uM')]",0.5912991452991453,False
407,"[('Elimusertib hydrochloride', 0.5, 'uM')]",0.5908717948717949,False
1077,"[('Valdecoxib', 5.0, 'uM')]",0.5908717948717949,False
437,"[('Estrone sulfate (potassium)', 0.5, 'uM')]",0.5905128205128205,False
212,"[('Bosentan (hydrate)', 5.0, 'uM')]",0.5898632478632478,False
624,"[('Lidocaine (hydrochloride)', 5.0, 'uM')]",0.5898461538461539,False
379,"[('Doxorubicin (hydrochloride)', 0.05, 'uM')]",0.5898290598290599,False
672,"[('Meloxicam', 5.0, 'uM')]",0.5898119658119658,False
1002,"[('Terfenadine', 5.0, 'uM')]",0.5896923076923077,False
735,"[('OTS514', 5.0, 'uM')]",0.5895897435897436,False
116,"[('Aspirin', 5.0, 'uM')]",0.5884957264957265,False
697,"[('Monocrotaline', 0.05, 'uM')]",0.5881025641025641,False
1080,"[('Vandetanib', 5.0, 'uM')]",0.5881025641025641,False
208,"[('Bortezomib', 0.5, 'uM')]",0.5875042735042735,False
449,"[('Ferulic acid', 0.5, 'uM')]",0.5871965811965811,False
707,"[('NVP-BHG712', 0.5, 'uM')]",0.587059829059829,False
666,"[('Medroxyprogesterone acetate', 5.0, 'uM')]",0.587025641025641,False
696,"[('Mitoxantrone (dihydrochloride)', 5.0, 'uM')]",0.5868717948717949,False
807,"[('Perindopril (erbumine)', 5.0, 'uM')]",0.5867179487179488,False
837,"[('Ponatinib', 5.0, 'uM')]",0.5864957264957265,False
464,"[('Flutamide', 0.5, 'uM')]",0.5863931623931624,False
969,"[('Sonidegib', 5.0, 'uM')]",0.5862051282051282,False
1095,"[('Vinblastine (sulfate)', 5.0, 'uM')]",0.5857948717948718,False
534,"[('Homoharringtonine', 5.0, 'uM')]",0.5857435897435898,False
202,"[('Binimetinib', 0.5, 'uM')]",0.5853333333333333,False
564,"[('Ipatasertib', 5.0, 'uM')]",0.5853162393162393,False
1038,"[('Torkinib', 5.0, 'uM')]",0.5848376068376069,False
684,"[('Methylprednisolone succinate', 5.0, 'uM')]",0.584017094017094,False
65,"[('Afatinib', 5.0, 'uM')]",0.5838803418803419,False
222,"[('Busulfan', 0.05, 'uM')]",0.5837777777777777,False
224,"[('Busulfan', 5.0, 'uM')]",0.5835726495726496,False
338,"[('Decitabine', 0.5, 'uM')]",0.5835726495726496,False
41,"[('AZD2858', 5.0, 'uM')]",0.5834529914529915,False
322,"[('Dapagliflozin ((2S)-1,2-propanediol, hydrate)', 0.05, 'uM')]",0.5834529914529915,False
1083,"[('Vemurafenib', 5.0, 'uM')]",0.5834017094017094,False
561,"[('Infigratinib', 5.0, 'uM')]",0.5833162393162393,False
528,"[('Hesperidin', 5.0, 'uM')]",0.5828717948717949,False
376,"[('Dorzolamide (hydrochloride)', 0.05, 'uM')]",0.5828034188034188,False
514,"[('Glycyrrhizic acid', 0.05, 'uM')]",0.5828034188034188,False
770,"[('PH-797804', 0.5, 'uM')]",0.5828034188034188,False
537,"[('Hydroxyfasudil', 5.0, 'uM')]",0.5822393162393162,False
312,"[('DT-061', 5.0, 'uM')]",0.5818290598290599,False
507,"[('Gemcitabine', 5.0, 'uM')]",0.5817606837606837,False
158,"[('Bendamustine', 5.0, 'uM')]",0.5814358974358974,False
941,"[('Sapanisertib', 0.5, 'uM')]",0.5811282051282052,False
1041,"[('Trametinib (DMSO_TF solvate)', 5.0, 'uM')]",0.5802393162393162,False
543,"[('IQ 1', 5.0, 'uM')]",0.5798803418803419,False
145,"[('Belinostat', 0.5, 'uM')]",0.5798119658119658,False
1071,"[('ULK-101', 5.0, 'uM')]",0.5797777777777777,False
371,"[('Docetaxel (Trihydrate)', 0.5, 'uM')]",0.579008547008547,False
38,"[('AZD1390', 5.0, 'uM')]",0.5789059829059828,False
1039,"[('Trametinib (DMSO_TF solvate)', 0.05, 'uM')]",0.5786153846153846,False
130,"[('BAY1125976', 0.5, 'uM')]",0.5785128205128205,False
1062,"[('Tubulin inhibitor 6', 5.0, 'uM')]",0.578034188034188,False
957,"[('Simotinib', 5.0, 'uM')]",0.5780000000000001,False
831,"[('Pitavastatin (Calcium)', 5.0, 'uM')]",0.577982905982906,False
1040,"[('Trametinib (DMSO_TF solvate)', 0.5, 'uM')]",0.5772307692307692,False
563,"[('Ipatasertib', 0.5, 'uM')]",0.5770085470085471,False
768,"[('PF-06260933', 5.0, 'uM')]",0.5765128205128205,False
420,"[('Epirubicin (hydrochloride)', 5.0, 'uM')]",0.5757094017094018,False
1032,"[('Tomivosertib', 5.0, 'uM')]",0.5753162393162393,False
1131,"[('venetoclax', 5.0, 'uM')]",0.5747179487179488,False
408,"[('Elimusertib hydrochloride', 5.0, 'uM')]",0.574068376068376,False
293,"[('Cobimetinib', 5.0, 'uM')]",0.5737777777777777,False
779,"[('Panobinostat', 0.5, 'uM')]",0.573076923076923,False
242,"[('Capmatinib', 5.0, 'uM')]",0.572957264957265,False
1134,"[('vincristine', 5.0, 'uM')]",0.5729230769230769,False
441,"[('Everolimus', 5.0, 'uM')]",0.5724102564102564,False
1070,"[('ULK-101', 0.5, 'uM')]",0.5723760683760684,False
207,"[('Bortezomib', 0.05, 'uM')]",0.5722393162393162,False
32,"[('AZD-7648', 5.0, 'uM')]",0.5716752136752137,False
31,"[('AZD-7648', 0.5, 'uM')]",0.5716068376068376,False
381,"[('Doxorubicin (hydrochloride)', 5.0, 'uM')]",0.5712820512820513,False
395,"[('EX229', 0.5, 'uM')]",0.5709230769230769,False
648,"[('MK-3903', 5.0, 'uM')]",0.5704273504273505,False
146,"[('Belinostat', 5.0, 'uM')]",0.5688888888888889,False
1043,"[('Trametinib', 0.5, 'uM')]",0.5684615384615385,False
1117,"[('c-Kit-IN-1', 0.05, 'uM')]",0.5675726495726496,False
836,"[('Ponatinib', 0.5, 'uM')]",0.5674871794871794,False
981,"[('TAK-733', 5.0, 'uM')]",0.5672649572649573,False
217,"[('Brivudine', 0.5, 'uM')]",0.5670085470085471,False
83,"[('Alpelisib', 5.0, 'uM')]",0.566871794871795,False
1089,"[('Verteporfin', 5.0, 'uM')]",0.5648034188034188,False
396,"[('EX229', 5.0, 'uM')]",0.5633504273504273,False
209,"[('Bortezomib', 5.0, 'uM')]",0.5632991452991454,False
134,"[('BI-3406', 5.0, 'uM')]",0.5631623931623931,False
164,"[('Bentamapimod', 5.0, 'uM')]",0.5623931623931624,False
1113,"[('XRK3F2', 5.0, 'uM')]",0.5589572649572649,False
582,"[('Ixazomib citrate', 5.0, 'uM')]",0.5586324786324786,False
546,"[('Idarubicin (hydrochloride)', 5.0, 'uM')]",0.5527692307692308,False
218,"[('Brivudine', 5.0, 'uM')]",0.5502735042735043,False
